Região,UF,Data,População,Casos Acumulados,Novos Casos,Óbitos Acumulados,Novos Óbitos,Região Metropolitana,Ano,Semana
Norte,AM,2020-03-27,2549078.0,0.0,0.0,0.0,0.0,Grande Manaus,2020,2020-03-23
Norte,AM,2020-03-28,2549078.0,107.0,107.0,0.0,0.0,Grande Manaus,2020,2020-03-23
Norte,AM,2020-03-29,2549078.0,135.0,28.0,0.0,0.0,Grande Manaus,2020,2020-03-23
Norte,AM,2020-03-30,2549078.0,145.0,10.0,0.0,0.0,Grande Manaus,2020,2020-03-30
Norte,AM,2020-03-31,2549078.0,169.0,24.0,2.0,2.0,Grande Manaus,2020,2020-03-30
Norte,AM,2020-04-01,2549078.0,191.0,22.0,2.0,0.0,Grande Manaus,2020,2020-03-30
Norte,AM,2020-04-02,2549078.0,217.0,26.0,2.0,0.0,Grande Manaus,2020,2020-03-30
Norte,AM,2020-04-03,2549078.0,248.0,31.0,6.0,4.0,Grande Manaus,2020,2020-03-30
Norte,AM,2020-04-04,2549078.0,299.0,51.0,11.0,5.0,Grande Manaus,2020,2020-03-30
Norte,AM,2020-04-05,2549078.0,404.0,105.0,13.0,2.0,Grande Manaus,2020,2020-03-30
Norte,AM,2020-04-06,2549078.0,514.0,110.0,19.0,6.0,Grande Manaus,2020,2020-04-06
Norte,AM,2020-04-07,2549078.0,617.0,103.0,23.0,4.0,Grande Manaus,2020,2020-04-06
Norte,AM,2020-04-08,2549078.0,781.0,164.0,28.0,5.0,Grande Manaus,2020,2020-04-06
Norte,AM,2020-04-09,2549078.0,875.0,94.0,37.0,9.0,Grande Manaus,2020,2020-04-06
Norte,AM,2020-04-10,2549078.0,952.0,77.0,47.0,10.0,Grande Manaus,2020,2020-04-06
Norte,AM,2020-04-11,2549078.0,1022.0,70.0,50.0,3.0,Grande Manaus,2020,2020-04-06
Norte,AM,2020-04-12,2549078.0,1169.0,147.0,56.0,6.0,Grande Manaus,2020,2020-04-06
Norte,AM,2020-04-13,2549078.0,1233.0,64.0,67.0,11.0,Grande Manaus,2020,2020-04-13
Norte,AM,2020-04-14,2549078.0,1433.0,200.0,86.0,19.0,Grande Manaus,2020,2020-04-13
Norte,AM,2020-04-15,2549078.0,1500.0,67.0,100.0,14.0,Grande Manaus,2020,2020-04-13
Norte,AM,2020-04-16,2549078.0,1652.0,152.0,117.0,17.0,Grande Manaus,2020,2020-04-13
Norte,AM,2020-04-17,2549078.0,1736.0,84.0,138.0,21.0,Grande Manaus,2020,2020-04-13
Norte,AM,2020-04-18,2549078.0,1818.0,82.0,150.0,12.0,Grande Manaus,2020,2020-04-13
Norte,AM,2020-04-19,2549078.0,1933.0,115.0,172.0,22.0,Grande Manaus,2020,2020-04-13
Norte,AM,2020-04-20,2549078.0,2041.0,108.0,175.0,3.0,Grande Manaus,2020,2020-04-20
Norte,AM,2020-04-21,2549078.0,2121.0,80.0,181.0,6.0,Grande Manaus,2020,2020-04-20
Norte,AM,2020-04-22,2549078.0,2293.0,172.0,193.0,12.0,Grande Manaus,2020,2020-04-20
Norte,AM,2020-04-23,2549078.0,2649.0,356.0,217.0,24.0,Grande Manaus,2020,2020-04-20
Norte,AM,2020-04-24,2549078.0,2878.0,229.0,235.0,18.0,Grande Manaus,2020,2020-04-20
Norte,AM,2020-04-25,2549078.0,3126.0,248.0,264.0,29.0,Grande Manaus,2020,2020-04-20
Norte,AM,2020-04-26,2549078.0,3203.0,77.0,278.0,14.0,Grande Manaus,2020,2020-04-20
Norte,AM,2020-04-27,2549078.0,3256.0,53.0,290.0,12.0,Grande Manaus,2020,2020-04-27
Norte,AM,2020-04-28,2549078.0,3505.0,249.0,310.0,20.0,Grande Manaus,2020,2020-04-27
Norte,AM,2020-04-29,2549078.0,3849.0,344.0,332.0,22.0,Grande Manaus,2020,2020-04-27
Norte,AM,2020-04-30,2549078.0,4126.0,277.0,365.0,33.0,Grande Manaus,2020,2020-04-27
Norte,AM,2020-05-01,2549078.0,4425.0,299.0,411.0,46.0,Grande Manaus,2020,2020-04-27
Norte,AM,2020-05-02,2549078.0,4645.0,220.0,424.0,13.0,Grande Manaus,2020,2020-04-27
Norte,AM,2020-05-03,2549078.0,5141.0,496.0,459.0,35.0,Grande Manaus,2020,2020-04-27
Norte,AM,2020-05-04,2549078.0,5477.0,336.0,484.0,25.0,Grande Manaus,2020,2020-05-04
Norte,AM,2020-05-05,2549078.0,6030.0,553.0,534.0,50.0,Grande Manaus,2020,2020-05-04
Norte,AM,2020-05-06,2549078.0,6786.0,756.0,613.0,79.0,Grande Manaus,2020,2020-05-04
Norte,AM,2020-05-07,2549078.0,7343.0,557.0,646.0,33.0,Grande Manaus,2020,2020-05-04
Norte,AM,2020-05-08,2549078.0,7645.0,302.0,697.0,51.0,Grande Manaus,2020,2020-05-04
Norte,AM,2020-05-09,2549078.0,8492.0,847.0,762.0,65.0,Grande Manaus,2020,2020-05-04
Norte,AM,2020-05-10,2549078.0,8985.0,493.0,789.0,27.0,Grande Manaus,2020,2020-05-04
Norte,AM,2020-05-11,2549078.0,9116.0,131.0,800.0,11.0,Grande Manaus,2020,2020-05-11
Norte,AM,2020-05-12,2549078.0,9844.0,728.0,844.0,44.0,Grande Manaus,2020,2020-05-11
Norte,AM,2020-05-13,2549078.0,10876.0,1032.0,889.0,45.0,Grande Manaus,2020,2020-05-11
Norte,AM,2020-05-14,2549078.0,11727.0,851.0,941.0,52.0,Grande Manaus,2020,2020-05-11
Norte,AM,2020-05-15,2549078.0,12310.0,583.0,1026.0,85.0,Grande Manaus,2020,2020-05-11
Norte,AM,2020-05-16,2549078.0,13017.0,707.0,1062.0,36.0,Grande Manaus,2020,2020-05-11
Norte,AM,2020-05-17,2549078.0,13249.0,232.0,1092.0,30.0,Grande Manaus,2020,2020-05-11
Norte,AM,2020-05-18,2549078.0,13558.0,309.0,1099.0,7.0,Grande Manaus,2020,2020-05-18
Norte,AM,2020-05-19,2549078.0,14088.0,530.0,1148.0,49.0,Grande Manaus,2020,2020-05-18
Norte,AM,2020-05-20,2549078.0,14853.0,765.0,1210.0,62.0,Grande Manaus,2020,2020-05-18
Norte,AM,2020-05-21,2549078.0,15744.0,891.0,1255.0,45.0,Grande Manaus,2020,2020-05-18
Norte,AM,2020-05-22,2549078.0,16554.0,810.0,1290.0,35.0,Grande Manaus,2020,2020-05-18
Norte,AM,2020-05-23,2549078.0,17438.0,884.0,1344.0,54.0,Grande Manaus,2020,2020-05-18
Norte,AM,2020-05-24,2549078.0,17771.0,333.0,1350.0,6.0,Grande Manaus,2020,2020-05-18
Norte,AM,2020-05-25,2549078.0,17957.0,186.0,1359.0,9.0,Grande Manaus,2020,2020-05-25
Norte,AM,2020-05-26,2549078.0,18633.0,676.0,1421.0,62.0,Grande Manaus,2020,2020-05-25
Norte,AM,2020-05-27,2549078.0,19155.0,522.0,1450.0,29.0,Grande Manaus,2020,2020-05-25
Norte,AM,2020-05-28,2549078.0,20282.0,1127.0,1500.0,50.0,Grande Manaus,2020,2020-05-25
Norte,AM,2020-05-29,2549078.0,22160.0,1878.0,1537.0,37.0,Grande Manaus,2020,2020-05-25
Norte,AM,2020-05-30,2549078.0,22947.0,787.0,1556.0,19.0,Grande Manaus,2020,2020-05-25
Norte,AM,2020-05-31,2549078.0,23274.0,327.0,1557.0,1.0,Grande Manaus,2020,2020-05-25
Norte,AM,2020-06-01,2549078.0,23414.0,140.0,1565.0,8.0,Grande Manaus,2020,2020-06-01
Norte,AM,2020-06-02,2549078.0,24120.0,706.0,1587.0,22.0,Grande Manaus,2020,2020-06-01
Norte,AM,2020-06-03,2549078.0,24396.0,276.0,1610.0,23.0,Grande Manaus,2020,2020-06-01
Norte,AM,2020-06-04,2549078.0,25442.0,1046.0,1647.0,37.0,Grande Manaus,2020,2020-06-01
Norte,AM,2020-06-05,2549078.0,26105.0,663.0,1648.0,1.0,Grande Manaus,2020,2020-06-01
Norte,AM,2020-06-06,2549078.0,26606.0,501.0,1678.0,30.0,Grande Manaus,2020,2020-06-01
Norte,AM,2020-06-07,2549078.0,26710.0,104.0,1684.0,6.0,Grande Manaus,2020,2020-06-01
Norte,AM,2020-06-08,2549078.0,26897.0,187.0,1697.0,13.0,Grande Manaus,2020,2020-06-08
Norte,AM,2020-06-09,2549078.0,27699.0,802.0,1729.0,32.0,Grande Manaus,2020,2020-06-08
Norte,AM,2020-06-10,2549078.0,28517.0,818.0,1770.0,41.0,Grande Manaus,2020,2020-06-08
Norte,AM,2020-06-11,2549078.0,29006.0,489.0,1799.0,29.0,Grande Manaus,2020,2020-06-08
Norte,AM,2020-06-12,2549078.0,29207.0,201.0,1816.0,17.0,Grande Manaus,2020,2020-06-08
Norte,AM,2020-06-13,2549078.0,29637.0,430.0,1840.0,24.0,Grande Manaus,2020,2020-06-08
Norte,AM,2020-06-14,2549078.0,29774.0,137.0,1859.0,19.0,Grande Manaus,2020,2020-06-08
Norte,AM,2020-06-15,2549078.0,29845.0,71.0,1866.0,7.0,Grande Manaus,2020,2020-06-15
Norte,AM,2020-06-16,2549078.0,30452.0,607.0,1891.0,25.0,Grande Manaus,2020,2020-06-15
Norte,AM,2020-06-17,2549078.0,31053.0,601.0,1906.0,15.0,Grande Manaus,2020,2020-06-15
Norte,AM,2020-06-18,2549078.0,31257.0,204.0,1924.0,18.0,Grande Manaus,2020,2020-06-15
Norte,AM,2020-06-19,2549078.0,31751.0,494.0,1932.0,8.0,Grande Manaus,2020,2020-06-15
Norte,AM,2020-06-20,2549078.0,32277.0,526.0,1956.0,24.0,Grande Manaus,2020,2020-06-15
Norte,AM,2020-06-21,2549078.0,32468.0,191.0,1961.0,5.0,Grande Manaus,2020,2020-06-15
Norte,AM,2020-06-22,2549078.0,32545.0,77.0,1970.0,9.0,Grande Manaus,2020,2020-06-22
Norte,AM,2020-06-23,2549078.0,33160.0,615.0,1978.0,8.0,Grande Manaus,2020,2020-06-22
Norte,AM,2020-06-24,2549078.0,33721.0,561.0,1991.0,13.0,Grande Manaus,2020,2020-06-22
Norte,AM,2020-06-25,2549078.0,34082.0,361.0,2001.0,10.0,Grande Manaus,2020,2020-06-22
Norte,AM,2020-06-26,2549078.0,34431.0,349.0,2006.0,5.0,Grande Manaus,2020,2020-06-22
Norte,AM,2020-06-27,2549078.0,34532.0,101.0,2027.0,21.0,Grande Manaus,2020,2020-06-22
Norte,AM,2020-06-28,2549078.0,34853.0,321.0,2026.0,-1.0,Grande Manaus,2020,2020-06-22
Norte,AM,2020-06-29,2549078.0,34907.0,54.0,2031.0,5.0,Grande Manaus,2020,2020-06-29
Norte,AM,2020-06-30,2549078.0,35018.0,111.0,2052.0,21.0,Grande Manaus,2020,2020-06-29
Norte,AM,2020-07-01,2549078.0,35803.0,785.0,2068.0,16.0,Grande Manaus,2020,2020-06-29
Norte,AM,2020-07-02,2549078.0,36156.0,353.0,2074.0,6.0,Grande Manaus,2020,2020-06-29
Norte,AM,2020-07-03,2549078.0,36543.0,387.0,2094.0,20.0,Grande Manaus,2020,2020-06-29
Norte,AM,2020-07-04,2549078.0,36951.0,408.0,2111.0,17.0,Grande Manaus,2020,2020-06-29
Norte,AM,2020-07-05,2549078.0,37062.0,111.0,2114.0,3.0,Grande Manaus,2020,2020-06-29
Norte,AM,2020-07-06,2549078.0,37152.0,90.0,2116.0,2.0,Grande Manaus,2020,2020-07-06
Norte,AM,2020-07-07,2549078.0,37585.0,433.0,2123.0,7.0,Grande Manaus,2020,2020-07-06
Norte,AM,2020-07-08,2549078.0,37846.0,261.0,2130.0,7.0,Grande Manaus,2020,2020-07-06
Norte,AM,2020-07-09,2549078.0,38412.0,566.0,2144.0,14.0,Grande Manaus,2020,2020-07-06
Norte,AM,2020-07-10,2549078.0,38835.0,423.0,2160.0,16.0,Grande Manaus,2020,2020-07-06
Norte,AM,2020-07-11,2549078.0,38930.0,95.0,2167.0,7.0,Grande Manaus,2020,2020-07-06
Norte,AM,2020-07-12,2549078.0,38975.0,45.0,2182.0,15.0,Grande Manaus,2020,2020-07-06
Norte,AM,2020-07-13,2549078.0,39442.0,467.0,2186.0,4.0,Grande Manaus,2020,2020-07-13
Norte,AM,2020-07-14,2549078.0,40005.0,563.0,2191.0,5.0,Grande Manaus,2020,2020-07-13
Norte,AM,2020-07-15,2549078.0,40381.0,376.0,2201.0,10.0,Grande Manaus,2020,2020-07-13
Norte,AM,2020-07-16,2549078.0,40570.0,189.0,2209.0,8.0,Grande Manaus,2020,2020-07-13
Norte,AM,2020-07-17,2549078.0,40677.0,107.0,2229.0,20.0,Grande Manaus,2020,2020-07-13
Norte,AM,2020-07-18,2549078.0,41494.0,817.0,2231.0,2.0,Grande Manaus,2020,2020-07-13
Norte,AM,2020-07-19,2549078.0,41637.0,143.0,2245.0,14.0,Grande Manaus,2020,2020-07-13
Norte,AM,2020-07-20,2549078.0,41708.0,71.0,2240.0,-5.0,Grande Manaus,2020,2020-07-20
Norte,AM,2020-07-21,2549078.0,41928.0,220.0,2248.0,8.0,Grande Manaus,2020,2020-07-20
Norte,AM,2020-07-22,2549078.0,42022.0,94.0,2258.0,10.0,Grande Manaus,2020,2020-07-20
Norte,AM,2020-07-23,2549078.0,42719.0,697.0,2261.0,3.0,Grande Manaus,2020,2020-07-20
Norte,AM,2020-07-24,2549078.0,43273.0,554.0,2263.0,2.0,Grande Manaus,2020,2020-07-20
Norte,AM,2020-07-25,2549078.0,43337.0,64.0,2270.0,7.0,Grande Manaus,2020,2020-07-20
Norte,AM,2020-07-26,2549078.0,43364.0,27.0,2273.0,3.0,Grande Manaus,2020,2020-07-20
Norte,AM,2020-07-27,2549078.0,43881.0,517.0,2274.0,1.0,Grande Manaus,2020,2020-07-27
Norte,AM,2020-07-28,2549078.0,44272.0,391.0,2281.0,7.0,Grande Manaus,2020,2020-07-27
Norte,AM,2020-07-29,2549078.0,44706.0,434.0,2287.0,6.0,Grande Manaus,2020,2020-07-27
Norte,AM,2020-07-30,2549078.0,45204.0,498.0,2289.0,2.0,Grande Manaus,2020,2020-07-27
Norte,AM,2020-07-31,2549078.0,45601.0,397.0,2300.0,11.0,Grande Manaus,2020,2020-07-27
Norte,AM,2020-08-01,2549078.0,46054.0,453.0,2303.0,3.0,Grande Manaus,2020,2020-07-27
Norte,AM,2020-08-02,2549078.0,46134.0,80.0,2307.0,4.0,Grande Manaus,2020,2020-07-27
Norte,AM,2020-08-03,2549078.0,46198.0,64.0,2309.0,2.0,Grande Manaus,2020,2020-08-03
Norte,AM,2020-08-04,2549078.0,46621.0,423.0,2315.0,6.0,Grande Manaus,2020,2020-08-03
Norte,AM,2020-08-05,2549078.0,46976.0,355.0,2326.0,11.0,Grande Manaus,2020,2020-08-03
Norte,AM,2020-08-06,2549078.0,47362.0,386.0,2331.0,5.0,Grande Manaus,2020,2020-08-03
Norte,AM,2020-08-07,2549078.0,47716.0,354.0,2335.0,4.0,Grande Manaus,2020,2020-08-03
Norte,AM,2020-08-08,2549078.0,47816.0,100.0,2351.0,16.0,Grande Manaus,2020,2020-08-03
Norte,AM,2020-08-09,2549078.0,48153.0,337.0,2343.0,-8.0,Grande Manaus,2020,2020-08-03
Norte,AM,2020-08-10,2549078.0,48242.0,89.0,2365.0,22.0,Grande Manaus,2020,2020-08-10
Norte,AM,2020-08-11,2549078.0,48680.0,438.0,2383.0,18.0,Grande Manaus,2020,2020-08-10
Norte,AM,2020-08-12,2549078.0,49077.0,397.0,2392.0,9.0,Grande Manaus,2020,2020-08-10
Norte,AM,2020-08-13,2549078.0,49529.0,452.0,2404.0,12.0,Grande Manaus,2020,2020-08-10
Norte,AM,2020-08-14,2549078.0,49856.0,327.0,2422.0,18.0,Grande Manaus,2020,2020-08-10
Norte,AM,2020-08-15,2549078.0,49892.0,36.0,2426.0,4.0,Grande Manaus,2020,2020-08-10
Norte,AM,2020-08-16,2549078.0,50291.0,399.0,2443.0,17.0,Grande Manaus,2020,2020-08-10
Norte,AM,2020-08-17,2549078.0,50448.0,157.0,2462.0,19.0,Grande Manaus,2020,2020-08-17
Norte,AM,2020-08-18,2549078.0,50669.0,221.0,2479.0,17.0,Grande Manaus,2020,2020-08-17
Norte,AM,2020-08-19,2549078.0,51013.0,344.0,2487.0,8.0,Grande Manaus,2020,2020-08-17
Norte,AM,2020-08-20,2549078.0,51451.0,438.0,2495.0,8.0,Grande Manaus,2020,2020-08-17
Norte,AM,2020-08-21,2549078.0,51599.0,148.0,2496.0,1.0,Grande Manaus,2020,2020-08-17
Norte,AM,2020-08-22,2549078.0,51957.0,358.0,2497.0,1.0,Grande Manaus,2020,2020-08-17
Norte,AM,2020-08-23,2549078.0,52037.0,80.0,2503.0,6.0,Grande Manaus,2020,2020-08-17
Norte,AM,2020-08-24,2549078.0,52079.0,42.0,2506.0,3.0,Grande Manaus,2020,2020-08-24
Norte,AM,2020-08-25,2549078.0,52481.0,402.0,2519.0,13.0,Grande Manaus,2020,2020-08-24
Norte,AM,2020-08-26,2549078.0,52858.0,377.0,2531.0,12.0,Grande Manaus,2020,2020-08-24
Norte,AM,2020-08-27,2549078.0,53122.0,264.0,2544.0,13.0,Grande Manaus,2020,2020-08-24
Norte,AM,2020-08-28,2549078.0,53493.0,371.0,2555.0,11.0,Grande Manaus,2020,2020-08-24
Norte,AM,2020-08-29,2549078.0,53772.0,279.0,2556.0,1.0,Grande Manaus,2020,2020-08-24
Norte,AM,2020-08-30,2549078.0,53831.0,59.0,2559.0,3.0,Grande Manaus,2020,2020-08-24
Norte,AM,2020-08-31,2549078.0,53904.0,73.0,2567.0,8.0,Grande Manaus,2020,2020-08-31
Norte,AM,2020-09-01,2549078.0,54196.0,292.0,2574.0,7.0,Grande Manaus,2020,2020-08-31
Norte,AM,2020-09-02,2549078.0,54677.0,481.0,2701.0,127.0,Grande Manaus,2020,2020-08-31
Norte,AM,2020-09-03,2549078.0,54984.0,307.0,2726.0,25.0,Grande Manaus,2020,2020-08-31
Norte,AM,2020-09-04,2549078.0,55289.0,305.0,2730.0,4.0,Grande Manaus,2020,2020-08-31
Norte,AM,2020-09-05,2549078.0,55604.0,315.0,2734.0,4.0,Grande Manaus,2020,2020-08-31
Norte,AM,2020-09-06,2549078.0,55648.0,44.0,2736.0,2.0,Grande Manaus,2020,2020-08-31
Norte,AM,2020-09-07,2549078.0,55679.0,31.0,2736.0,0.0,Grande Manaus,2020,2020-09-07
Norte,AM,2020-09-08,2549078.0,55759.0,80.0,2738.0,2.0,Grande Manaus,2020,2020-09-07
Norte,AM,2020-09-09,2549078.0,56140.0,381.0,2742.0,4.0,Grande Manaus,2020,2020-09-07
Norte,AM,2020-09-10,2549078.0,56494.0,354.0,2747.0,5.0,Grande Manaus,2020,2020-09-07
Norte,AM,2020-09-11,2549078.0,56830.0,336.0,2753.0,6.0,Grande Manaus,2020,2020-09-07
Norte,AM,2020-09-12,2549078.0,57145.0,315.0,2757.0,4.0,Grande Manaus,2020,2020-09-07
Norte,AM,2020-09-13,2549078.0,57231.0,86.0,2759.0,2.0,Grande Manaus,2020,2020-09-07
Norte,AM,2020-09-14,2549078.0,57305.0,74.0,2762.0,3.0,Grande Manaus,2020,2020-09-14
Norte,AM,2020-09-15,2549078.0,57780.0,475.0,2766.0,4.0,Grande Manaus,2020,2020-09-14
Norte,AM,2020-09-16,2549078.0,58166.0,386.0,2772.0,6.0,Grande Manaus,2020,2020-09-14
Norte,AM,2020-09-17,2549078.0,58580.0,414.0,2777.0,5.0,Grande Manaus,2020,2020-09-14
Norte,AM,2020-09-18,2549078.0,59117.0,537.0,2790.0,13.0,Grande Manaus,2020,2020-09-14
Norte,AM,2020-09-19,2549078.0,59549.0,432.0,2794.0,4.0,Grande Manaus,2020,2020-09-14
Norte,AM,2020-09-20,2549078.0,59643.0,94.0,2794.0,0.0,Grande Manaus,2020,2020-09-14
Norte,AM,2020-09-21,2549078.0,59690.0,47.0,2796.0,2.0,Grande Manaus,2020,2020-09-21
Norte,AM,2020-09-22,2549078.0,60092.0,402.0,2797.0,1.0,Grande Manaus,2020,2020-09-21
Norte,AM,2020-09-23,2549078.0,60543.0,451.0,2812.0,15.0,Grande Manaus,2020,2020-09-21
Norte,AM,2020-09-24,2549078.0,60940.0,397.0,2818.0,6.0,Grande Manaus,2020,2020-09-21
Norte,AM,2020-09-25,2549078.0,61457.0,517.0,2824.0,6.0,Grande Manaus,2020,2020-09-21
Norte,AM,2020-09-26,2549078.0,62142.0,685.0,2844.0,20.0,Grande Manaus,2020,2020-09-21
Norte,AM,2020-09-27,2549078.0,62220.0,78.0,2846.0,2.0,Grande Manaus,2020,2020-09-21
Norte,AM,2020-09-28,2549078.0,62284.0,64.0,2847.0,1.0,Grande Manaus,2020,2020-09-28
Norte,AM,2020-09-29,2549078.0,63176.0,892.0,2849.0,2.0,Grande Manaus,2020,2020-09-28
Norte,AM,2020-09-30,2549078.0,63966.0,790.0,2967.0,118.0,Grande Manaus,2020,2020-09-28
Norte,AM,2020-10-01,2549078.0,64460.0,494.0,2968.0,1.0,Grande Manaus,2020,2020-09-28
Norte,AM,2020-10-02,2549078.0,65127.0,667.0,2970.0,2.0,Grande Manaus,2020,2020-09-28
Norte,AM,2020-10-03,2549078.0,65730.0,603.0,2976.0,6.0,Grande Manaus,2020,2020-09-28
Norte,AM,2020-10-04,2549078.0,65851.0,121.0,2981.0,5.0,Grande Manaus,2020,2020-09-28
Norte,AM,2020-10-05,2549078.0,65935.0,84.0,2989.0,8.0,Grande Manaus,2020,2020-10-05
Norte,AM,2020-10-06,2549078.0,66508.0,573.0,2995.0,6.0,Grande Manaus,2020,2020-10-05
Norte,AM,2020-10-07,2549078.0,66952.0,444.0,3003.0,8.0,Grande Manaus,2020,2020-10-05
Norte,AM,2020-10-08,2549078.0,67409.0,457.0,3011.0,8.0,Grande Manaus,2020,2020-10-05
Norte,AM,2020-10-09,2549078.0,67970.0,561.0,3017.0,6.0,Grande Manaus,2020,2020-10-05
Norte,AM,2020-10-10,2549078.0,68435.0,465.0,3028.0,11.0,Grande Manaus,2020,2020-10-05
Norte,AM,2020-10-11,2549078.0,68745.0,310.0,3030.0,2.0,Grande Manaus,2020,2020-10-05
Norte,AM,2020-10-12,2549078.0,68664.0,-81.0,3036.0,6.0,Grande Manaus,2020,2020-10-12
Norte,AM,2020-10-13,2549078.0,68828.0,164.0,3039.0,3.0,Grande Manaus,2020,2020-10-12
Norte,AM,2020-10-14,2549078.0,69204.0,376.0,3053.0,14.0,Grande Manaus,2020,2020-10-12
Norte,AM,2020-10-15,2549078.0,69699.0,495.0,3072.0,19.0,Grande Manaus,2020,2020-10-12
Norte,AM,2020-10-16,2549078.0,69788.0,89.0,3087.0,15.0,Grande Manaus,2020,2020-10-12
Norte,AM,2020-10-17,2549078.0,70897.0,1109.0,3101.0,14.0,Grande Manaus,2020,2020-10-12
Norte,AM,2020-10-18,2549078.0,71228.0,331.0,3105.0,4.0,Grande Manaus,2020,2020-10-12
Norte,AM,2020-10-19,2549078.0,71322.0,94.0,3119.0,14.0,Grande Manaus,2020,2020-10-19
Norte,AM,2020-10-20,2549078.0,71845.0,523.0,3130.0,11.0,Grande Manaus,2020,2020-10-19
Norte,AM,2020-10-21,2549078.0,73123.0,1278.0,3136.0,6.0,Grande Manaus,2020,2020-10-19
Norte,AM,2020-10-22,2549078.0,73558.0,435.0,3151.0,15.0,Grande Manaus,2020,2020-10-19
Norte,AM,2020-10-23,2549078.0,74120.0,562.0,3174.0,23.0,Grande Manaus,2020,2020-10-19
Norte,AM,2020-10-24,2549078.0,74665.0,545.0,3175.0,1.0,Grande Manaus,2020,2020-10-19
Norte,AM,2020-10-25,2549078.0,74916.0,251.0,3183.0,8.0,Grande Manaus,2020,2020-10-19
Norte,AM,2020-10-26,2549078.0,74990.0,74.0,3195.0,12.0,Grande Manaus,2020,2020-10-26
Norte,AM,2020-10-27,2549078.0,75568.0,578.0,3203.0,8.0,Grande Manaus,2020,2020-10-26
Norte,AM,2020-10-28,2549078.0,76092.0,524.0,3214.0,11.0,Grande Manaus,2020,2020-10-26
Norte,AM,2020-10-29,2549078.0,76743.0,651.0,3234.0,20.0,Grande Manaus,2020,2020-10-26
Norte,AM,2020-10-30,2549078.0,77226.0,483.0,3240.0,6.0,Grande Manaus,2020,2020-10-26
Norte,AM,2020-10-31,2549078.0,77372.0,146.0,3250.0,10.0,Grande Manaus,2020,2020-10-26
Norte,AM,2020-11-01,2549078.0,77521.0,149.0,3258.0,8.0,Grande Manaus,2020,2020-10-26
Norte,AM,2020-11-02,2549078.0,77599.0,78.0,3265.0,7.0,Grande Manaus,2020,2020-11-02
Norte,AM,2020-11-03,2549078.0,77792.0,193.0,3270.0,5.0,Grande Manaus,2020,2020-11-02
Norte,AM,2020-11-04,2549078.0,78258.0,466.0,3279.0,9.0,Grande Manaus,2020,2020-11-02
Norte,AM,2020-11-05,2549078.0,78567.0,309.0,3293.0,14.0,Grande Manaus,2020,2020-11-02
Norte,AM,2020-11-06,2549078.0,78567.0,0.0,3293.0,0.0,Grande Manaus,2020,2020-11-02
Norte,AM,2020-11-07,2549078.0,79371.0,804.0,3304.0,11.0,Grande Manaus,2020,2020-11-02
Norte,AM,2020-11-08,2549078.0,79542.0,171.0,3306.0,2.0,Grande Manaus,2020,2020-11-02
Norte,AM,2020-11-09,2549078.0,79654.0,112.0,3320.0,14.0,Grande Manaus,2020,2020-11-09
Norte,AM,2020-11-10,2549078.0,80106.0,452.0,3323.0,3.0,Grande Manaus,2020,2020-11-09
Norte,AM,2020-11-11,2549078.0,80514.0,408.0,3324.0,1.0,Grande Manaus,2020,2020-11-09
Norte,AM,2020-11-12,2549078.0,80514.0,0.0,3324.0,0.0,Grande Manaus,2020,2020-11-09
Norte,AM,2020-11-13,2549078.0,81108.0,594.0,3349.0,25.0,Grande Manaus,2020,2020-11-09
Norte,AM,2020-11-14,2549078.0,81460.0,352.0,3359.0,10.0,Grande Manaus,2020,2020-11-09
Norte,AM,2020-11-15,2549078.0,81606.0,146.0,3362.0,3.0,Grande Manaus,2020,2020-11-09
Norte,AM,2020-11-16,2549078.0,81685.0,79.0,3364.0,2.0,Grande Manaus,2020,2020-11-16
Norte,AM,2020-11-17,2549078.0,82273.0,588.0,3384.0,20.0,Grande Manaus,2020,2020-11-16
Norte,AM,2020-11-18,2549078.0,82695.0,422.0,3388.0,4.0,Grande Manaus,2020,2020-11-16
Norte,AM,2020-11-19,2549078.0,83300.0,605.0,3394.0,6.0,Grande Manaus,2020,2020-11-16
Norte,AM,2020-11-20,2549078.0,83703.0,403.0,3405.0,11.0,Grande Manaus,2020,2020-11-16
Norte,AM,2020-11-21,2549078.0,84015.0,312.0,3414.0,9.0,Grande Manaus,2020,2020-11-16
Norte,AM,2020-11-22,2549078.0,84114.0,99.0,3422.0,8.0,Grande Manaus,2020,2020-11-16
Norte,AM,2020-11-23,2549078.0,84243.0,129.0,3438.0,16.0,Grande Manaus,2020,2020-11-23
Norte,AM,2020-11-24,2549078.0,84666.0,423.0,3455.0,17.0,Grande Manaus,2020,2020-11-23
Norte,AM,2020-11-25,2549078.0,84983.0,317.0,3458.0,3.0,Grande Manaus,2020,2020-11-23
Norte,AM,2020-11-26,2549078.0,85461.0,478.0,3485.0,27.0,Grande Manaus,2020,2020-11-23
Norte,AM,2020-11-27,2549078.0,86063.0,602.0,3492.0,7.0,Grande Manaus,2020,2020-11-23
Norte,AM,2020-11-28,2549078.0,86459.0,396.0,3498.0,6.0,Grande Manaus,2020,2020-11-23
Norte,AM,2020-11-29,2549078.0,86579.0,120.0,3505.0,7.0,Grande Manaus,2020,2020-11-23
Norte,AM,2020-11-30,2549078.0,86654.0,75.0,3514.0,9.0,Grande Manaus,2020,2020-11-30
Norte,AM,2020-12-01,2549078.0,87323.0,669.0,3514.0,0.0,Grande Manaus,2020,2020-11-30
Norte,AM,2020-12-02,2549078.0,87679.0,356.0,3525.0,11.0,Grande Manaus,2020,2020-11-30
Norte,AM,2020-12-03,2549078.0,88111.0,432.0,3538.0,13.0,Grande Manaus,2020,2020-11-30
Norte,AM,2020-12-04,2549078.0,88622.0,511.0,3541.0,3.0,Grande Manaus,2020,2020-11-30
Norte,AM,2020-12-05,2549078.0,89057.0,435.0,3548.0,7.0,Grande Manaus,2020,2020-11-30
Norte,AM,2020-12-06,2549078.0,89281.0,224.0,3553.0,5.0,Grande Manaus,2020,2020-11-30
Norte,AM,2020-12-07,2549078.0,89388.0,107.0,3564.0,11.0,Grande Manaus,2020,2020-12-07
Norte,AM,2020-12-08,2549078.0,89950.0,562.0,3568.0,4.0,Grande Manaus,2020,2020-12-07
Norte,AM,2020-12-09,2549078.0,90168.0,218.0,3571.0,3.0,Grande Manaus,2020,2020-12-07
Norte,AM,2020-12-10,2549078.0,90668.0,500.0,3575.0,4.0,Grande Manaus,2020,2020-12-07
Norte,AM,2020-12-11,2549078.0,91087.0,419.0,3582.0,7.0,Grande Manaus,2020,2020-12-07
Norte,AM,2020-12-12,2549078.0,91218.0,131.0,3586.0,4.0,Grande Manaus,2020,2020-12-07
Norte,AM,2020-12-13,2549078.0,91575.0,357.0,3588.0,2.0,Grande Manaus,2020,2020-12-07
Norte,AM,2020-12-14,2549078.0,91795.0,220.0,3595.0,7.0,Grande Manaus,2020,2020-12-14
Norte,AM,2020-12-15,2549078.0,92101.0,306.0,3602.0,7.0,Grande Manaus,2020,2020-12-14
Norte,AM,2020-12-16,2549078.0,92673.0,572.0,3607.0,5.0,Grande Manaus,2020,2020-12-14
Norte,AM,2020-12-17,2549078.0,93125.0,452.0,3615.0,8.0,Grande Manaus,2020,2020-12-14
Norte,AM,2020-12-18,2549078.0,93901.0,776.0,3626.0,11.0,Grande Manaus,2020,2020-12-14
Norte,AM,2020-12-19,2549078.0,94341.0,440.0,3638.0,12.0,Grande Manaus,2020,2020-12-14
Norte,AM,2020-12-20,2549078.0,94530.0,189.0,3646.0,8.0,Grande Manaus,2020,2020-12-14
Norte,AM,2020-12-21,2549078.0,94656.0,126.0,3651.0,5.0,Grande Manaus,2020,2020-12-21
Norte,AM,2020-12-22,2549078.0,95486.0,830.0,3663.0,12.0,Grande Manaus,2020,2020-12-21
Norte,AM,2020-12-23,2549078.0,96040.0,554.0,3678.0,15.0,Grande Manaus,2020,2020-12-21
Norte,AM,2020-12-24,2549078.0,96812.0,772.0,3695.0,17.0,Grande Manaus,2020,2020-12-21
Norte,AM,2020-12-25,2549078.0,97065.0,253.0,3703.0,8.0,Grande Manaus,2020,2020-12-21
Norte,AM,2020-12-26,2549078.0,97172.0,107.0,3715.0,12.0,Grande Manaus,2020,2020-12-21
Norte,AM,2020-12-27,2549078.0,97439.0,267.0,3724.0,9.0,Grande Manaus,2020,2020-12-21
Norte,AM,2020-12-28,2549078.0,97624.0,185.0,3735.0,11.0,Grande Manaus,2020,2020-12-28
Norte,AM,2020-12-29,2549078.0,98678.0,1054.0,3755.0,20.0,Grande Manaus,2020,2020-12-28
Norte,AM,2020-12-30,2549078.0,99611.0,933.0,3773.0,18.0,Grande Manaus,2020,2020-12-28
Norte,AM,2020-12-31,2549078.0,100659.0,1048.0,3793.0,20.0,Grande Manaus,2020,2020-12-28
Norte,AM,2021-01-01,2549078.0,101147.0,488.0,3800.0,7.0,Grande Manaus,2020,2020-12-28
Norte,AM,2021-01-02,2549078.0,101323.0,176.0,3826.0,26.0,Grande Manaus,2020,2020-12-28
Norte,AM,2021-01-03,2549078.0,101738.0,415.0,3842.0,16.0,Grande Manaus,2020,2020-12-28
Norte,AM,2021-01-04,2549078.0,102057.0,319.0,3860.0,18.0,Grande Manaus,2021,2021-01-04
Norte,AM,2021-01-05,2549078.0,103120.0,1063.0,3896.0,36.0,Grande Manaus,2021,2021-01-04
Norte,AM,2021-01-06,2549078.0,104727.0,1607.0,3974.0,78.0,Grande Manaus,2021,2021-01-04
Norte,AM,2021-01-07,2549078.0,105854.0,1127.0,4014.0,40.0,Grande Manaus,2021,2021-01-04
Norte,AM,2021-01-08,2549078.0,105854.0,0.0,4014.0,0.0,Grande Manaus,2021,2021-01-04
Norte,AM,2021-01-09,2549078.0,108445.0,2591.0,4124.0,110.0,Grande Manaus,2021,2021-01-04
Norte,AM,2021-01-10,2549078.0,108981.0,536.0,4150.0,26.0,Grande Manaus,2021,2021-01-04
Norte,AM,2021-01-11,2549078.0,109711.0,730.0,4196.0,46.0,Grande Manaus,2021,2021-01-11
Norte,AM,2021-01-12,2549078.0,110940.0,1229.0,4242.0,46.0,Grande Manaus,2021,2021-01-11
Norte,AM,2021-01-13,2549078.0,111768.0,828.0,4303.0,61.0,Grande Manaus,2021,2021-01-11
Norte,AM,2021-01-14,2549078.0,114497.0,2729.0,4344.0,41.0,Grande Manaus,2021,2021-01-11
Norte,AM,2021-01-15,2549078.0,116632.0,2135.0,4438.0,94.0,Grande Manaus,2021,2021-01-11
Norte,AM,2021-01-16,2549078.0,118688.0,2056.0,4505.0,67.0,Grande Manaus,2021,2021-01-11
Norte,AM,2021-01-17,2549078.0,119657.0,969.0,4552.0,47.0,Grande Manaus,2021,2021-01-11
Norte,AM,2021-01-18,2549078.0,120920.0,1263.0,4654.0,102.0,Grande Manaus,2021,2021-01-18
Norte,AM,2021-01-19,2549078.0,121690.0,770.0,4778.0,124.0,Grande Manaus,2021,2021-01-18
Norte,AM,2021-01-20,2549078.0,125705.0,4015.0,4905.0,127.0,Grande Manaus,2021,2021-01-18
Norte,AM,2021-01-21,2549078.0,126656.0,951.0,5047.0,142.0,Grande Manaus,2021,2021-01-18
Norte,AM,2021-01-22,2549078.0,129822.0,3166.0,5170.0,123.0,Grande Manaus,2021,2021-01-18
Norte,AM,2021-01-23,2549078.0,132554.0,2732.0,5317.0,147.0,Grande Manaus,2021,2021-01-18
Norte,AM,2021-01-24,2549078.0,133339.0,785.0,5408.0,91.0,Grande Manaus,2021,2021-01-18
Norte,AM,2021-01-25,2549078.0,134402.0,1063.0,5485.0,77.0,Grande Manaus,2021,2021-01-25
Norte,AM,2021-01-26,2549078.0,136572.0,2170.0,5645.0,160.0,Grande Manaus,2021,2021-01-25
Norte,AM,2021-01-27,2549078.0,138899.0,2327.0,5761.0,116.0,Grande Manaus,2021,2021-01-25
Norte,AM,2021-01-28,2549078.0,140038.0,1139.0,5847.0,86.0,Grande Manaus,2021,2021-01-25
Norte,AM,2021-01-29,2549078.0,141413.0,1375.0,5941.0,94.0,Grande Manaus,2021,2021-01-25
Norte,AM,2021-01-30,2549078.0,145123.0,3710.0,6144.0,203.0,Grande Manaus,2021,2021-01-25
Norte,AM,2021-01-31,2549078.0,146043.0,920.0,6232.0,88.0,Grande Manaus,2021,2021-01-25
Norte,AM,2021-02-01,2549078.0,147025.0,982.0,6358.0,126.0,Grande Manaus,2021,2021-02-01
Norte,AM,2021-02-02,2549078.0,148698.0,1673.0,6485.0,127.0,Grande Manaus,2021,2021-02-01
Norte,AM,2021-02-03,2549078.0,150573.0,1875.0,6607.0,122.0,Grande Manaus,2021,2021-02-01
Norte,AM,2021-02-04,2549078.0,152283.0,1710.0,6739.0,132.0,Grande Manaus,2021,2021-02-01
Norte,AM,2021-02-05,2549078.0,153765.0,1482.0,6823.0,84.0,Grande Manaus,2021,2021-02-01
Norte,AM,2021-02-06,2549078.0,155188.0,1423.0,6917.0,94.0,Grande Manaus,2021,2021-02-01
Norte,AM,2021-02-07,2549078.0,155870.0,682.0,6977.0,60.0,Grande Manaus,2021,2021-02-01
Norte,AM,2021-02-08,2549078.0,156473.0,603.0,7076.0,99.0,Grande Manaus,2021,2021-02-08
Norte,AM,2021-02-09,2549078.0,158006.0,1533.0,7214.0,138.0,Grande Manaus,2021,2021-02-08
Norte,AM,2021-02-10,2549078.0,159950.0,1944.0,7361.0,147.0,Grande Manaus,2021,2021-02-08
Norte,AM,2021-02-11,2549078.0,161547.0,1597.0,7514.0,153.0,Grande Manaus,2021,2021-02-08
Norte,AM,2021-02-12,2549078.0,163357.0,1810.0,7628.0,114.0,Grande Manaus,2021,2021-02-08
Norte,AM,2021-02-13,2549078.0,164569.0,1212.0,7678.0,50.0,Grande Manaus,2021,2021-02-08
Norte,AM,2021-02-14,2549078.0,164935.0,366.0,7715.0,37.0,Grande Manaus,2021,2021-02-08
Norte,AM,2021-02-15,2549078.0,165623.0,688.0,7818.0,103.0,Grande Manaus,2021,2021-02-15
Norte,AM,2021-02-16,2549078.0,166852.0,1229.0,7912.0,94.0,Grande Manaus,2021,2021-02-15
Norte,AM,2021-02-17,2549078.0,168147.0,1295.0,7975.0,63.0,Grande Manaus,2021,2021-02-15
Norte,AM,2021-02-18,2549078.0,169753.0,1606.0,8066.0,91.0,Grande Manaus,2021,2021-02-15
Norte,AM,2021-02-19,2549078.0,171102.0,1349.0,8121.0,55.0,Grande Manaus,2021,2021-02-15
Norte,AM,2021-02-20,2549078.0,172256.0,1154.0,8158.0,37.0,Grande Manaus,2021,2021-02-15
Norte,AM,2021-02-21,2549078.0,172644.0,388.0,8199.0,41.0,Grande Manaus,2021,2021-02-15
Norte,AM,2021-02-22,2549078.0,173495.0,851.0,8248.0,49.0,Grande Manaus,2021,2021-02-22
Norte,AM,2021-02-23,2549078.0,174858.0,1363.0,8281.0,33.0,Grande Manaus,2021,2021-02-22
Norte,AM,2021-02-24,2549078.0,175837.0,979.0,8342.0,61.0,Grande Manaus,2021,2021-02-22
Norte,AM,2021-02-25,2549078.0,176625.0,788.0,8416.0,74.0,Grande Manaus,2021,2021-02-22
Norte,AM,2021-02-26,2549078.0,177688.0,1063.0,8457.0,41.0,Grande Manaus,2021,2021-02-22
Norte,AM,2021-02-27,2549078.0,178470.0,782.0,8493.0,36.0,Grande Manaus,2021,2021-02-22
Norte,AM,2021-02-28,2549078.0,178585.0,115.0,8512.0,19.0,Grande Manaus,2021,2021-02-22
Norte,AM,2021-03-01,2549078.0,179110.0,525.0,8579.0,67.0,Grande Manaus,2021,2021-03-01
Norte,AM,2021-03-02,2549078.0,180040.0,930.0,8634.0,55.0,Grande Manaus,2021,2021-03-01
Norte,AM,2021-03-03,2549078.0,180400.0,360.0,8696.0,62.0,Grande Manaus,2021,2021-03-01
Norte,AM,2021-03-04,2549078.0,180764.0,364.0,8764.0,68.0,Grande Manaus,2021,2021-03-01
Norte,AM,2021-03-05,2549078.0,182602.0,1838.0,8803.0,39.0,Grande Manaus,2021,2021-03-01
Norte,AM,2021-03-06,2549078.0,183447.0,845.0,8811.0,8.0,Grande Manaus,2021,2021-03-01
Norte,AM,2021-03-07,2549078.0,183709.0,262.0,8825.0,14.0,Grande Manaus,2021,2021-03-01
Norte,AM,2021-03-08,2549078.0,183936.0,227.0,8847.0,22.0,Grande Manaus,2021,2021-03-08
Norte,AM,2021-03-09,2549078.0,184888.0,952.0,8885.0,38.0,Grande Manaus,2021,2021-03-08
Norte,AM,2021-03-10,2549078.0,185610.0,722.0,8923.0,38.0,Grande Manaus,2021,2021-03-08
Norte,AM,2021-03-11,2549078.0,186315.0,705.0,8953.0,30.0,Grande Manaus,2021,2021-03-08
Norte,AM,2021-03-12,2549078.0,186959.0,644.0,8992.0,39.0,Grande Manaus,2021,2021-03-08
Norte,AM,2021-03-13,2549078.0,187567.0,608.0,9022.0,30.0,Grande Manaus,2021,2021-03-08
Norte,AM,2021-03-14,2549078.0,187869.0,302.0,9042.0,20.0,Grande Manaus,2021,2021-03-08
Norte,AM,2021-03-15,2549078.0,188097.0,228.0,9071.0,29.0,Grande Manaus,2021,2021-03-15
Norte,AM,2021-03-16,2549078.0,188692.0,595.0,9110.0,39.0,Grande Manaus,2021,2021-03-15
Norte,AM,2021-03-17,2549078.0,188891.0,199.0,9140.0,30.0,Grande Manaus,2021,2021-03-15
Norte,AM,2021-03-18,2549078.0,189242.0,351.0,9165.0,25.0,Grande Manaus,2021,2021-03-15
Norte,AM,2021-03-19,2549078.0,190506.0,1264.0,9192.0,27.0,Grande Manaus,2021,2021-03-15
Norte,AM,2021-03-20,2549078.0,191001.0,495.0,9215.0,23.0,Grande Manaus,2021,2021-03-15
Norte,AM,2021-03-21,2549078.0,191138.0,137.0,9228.0,13.0,Grande Manaus,2021,2021-03-15
Norte,AM,2021-03-22,2549078.0,191661.0,523.0,9246.0,18.0,Grande Manaus,2021,2021-03-22
Norte,AM,2021-03-23,2549078.0,192176.0,515.0,9254.0,8.0,Grande Manaus,2021,2021-03-22
Norte,AM,2021-03-24,2549078.0,192776.0,600.0,9273.0,19.0,Grande Manaus,2021,2021-03-22
Norte,AM,2021-03-25,2549078.0,193266.0,490.0,9292.0,19.0,Grande Manaus,2021,2021-03-22
Norte,AM,2021-03-26,2549078.0,193789.0,523.0,9308.0,16.0,Grande Manaus,2021,2021-03-22
Norte,AM,2021-03-27,2549078.0,194283.0,494.0,9318.0,10.0,Grande Manaus,2021,2021-03-22
Norte,AM,2021-03-28,2549078.0,194494.0,211.0,9328.0,10.0,Grande Manaus,2021,2021-03-22
Norte,AM,2021-03-29,2549078.0,194739.0,245.0,9344.0,16.0,Grande Manaus,2021,2021-03-29
Norte,AM,2021-03-30,2549078.0,195540.0,801.0,9354.0,10.0,Grande Manaus,2021,2021-03-29
Norte,AM,2021-03-31,2549078.0,196082.0,542.0,9362.0,8.0,Grande Manaus,2021,2021-03-29
Norte,AM,2021-04-01,2549078.0,196627.0,545.0,9366.0,4.0,Grande Manaus,2021,2021-03-29
Norte,AM,2021-04-02,2549078.0,197099.0,472.0,9377.0,11.0,Grande Manaus,2021,2021-03-29
Norte,AM,2021-04-03,2549078.0,197647.0,548.0,9385.0,8.0,Grande Manaus,2021,2021-03-29
Norte,AM,2021-04-04,2549078.0,197890.0,243.0,9391.0,6.0,Grande Manaus,2021,2021-03-29
Norte,AM,2021-04-05,2549078.0,198411.0,521.0,9417.0,26.0,Grande Manaus,2021,2021-04-05
Norte,AM,2021-04-06,2549078.0,198713.0,302.0,9431.0,14.0,Grande Manaus,2021,2021-04-05
Norte,AM,2021-04-07,2549078.0,199316.0,603.0,9462.0,31.0,Grande Manaus,2021,2021-04-05
Norte,AM,2021-04-08,2549078.0,199797.0,481.0,9478.0,16.0,Grande Manaus,2021,2021-04-05
Norte,AM,2021-04-09,2549078.0,200520.0,723.0,9492.0,14.0,Grande Manaus,2021,2021-04-05
Norte,AM,2021-04-10,2549078.0,200787.0,267.0,9501.0,9.0,Grande Manaus,2021,2021-04-05
Norte,AM,2021-04-11,2549078.0,201175.0,388.0,9509.0,8.0,Grande Manaus,2021,2021-04-05
Norte,AM,2021-04-12,2549078.0,201429.0,254.0,9522.0,13.0,Grande Manaus,2021,2021-04-12
Norte,AM,2021-04-13,2549078.0,201942.0,513.0,9537.0,15.0,Grande Manaus,2021,2021-04-12
Norte,AM,2021-04-14,2549078.0,202398.0,456.0,9554.0,17.0,Grande Manaus,2021,2021-04-12
Norte,AM,2021-04-15,2549078.0,202782.0,384.0,9565.0,11.0,Grande Manaus,2021,2021-04-12
Norte,AM,2021-04-16,2549078.0,203109.0,327.0,9576.0,11.0,Grande Manaus,2021,2021-04-12
Norte,AM,2021-04-17,2549078.0,203418.0,309.0,9580.0,4.0,Grande Manaus,2021,2021-04-12
Norte,AM,2021-04-18,2549078.0,203764.0,346.0,9588.0,8.0,Grande Manaus,2021,2021-04-12
Norte,AM,2021-04-19,2549078.0,204034.0,270.0,9609.0,21.0,Grande Manaus,2021,2021-04-19
Norte,AM,2021-04-20,2549078.0,204346.0,312.0,9632.0,23.0,Grande Manaus,2021,2021-04-19
Norte,AM,2021-04-21,2549078.0,204726.0,380.0,9652.0,20.0,Grande Manaus,2021,2021-04-19
Norte,AM,2021-04-22,2549078.0,205077.0,351.0,9661.0,9.0,Grande Manaus,2021,2021-04-19
Norte,AM,2021-04-23,2549078.0,205490.0,413.0,9676.0,15.0,Grande Manaus,2021,2021-04-19
Norte,AM,2021-04-24,2549078.0,205793.0,303.0,9685.0,9.0,Grande Manaus,2021,2021-04-19
Norte,AM,2021-04-25,2549078.0,206069.0,276.0,9695.0,10.0,Grande Manaus,2021,2021-04-19
Norte,AM,2021-04-26,2549078.0,206325.0,256.0,9700.0,5.0,Grande Manaus,2021,2021-04-26
Norte,AM,2021-04-27,2549078.0,206683.0,358.0,9716.0,16.0,Grande Manaus,2021,2021-04-26
Norte,AM,2021-04-28,2549078.0,206988.0,305.0,9736.0,20.0,Grande Manaus,2021,2021-04-26
Norte,AM,2021-04-29,2549078.0,207329.0,341.0,9751.0,15.0,Grande Manaus,2021,2021-04-26
Norte,AM,2021-04-30,2549078.0,207604.0,275.0,9759.0,8.0,Grande Manaus,2021,2021-04-26
Norte,AM,2021-05-01,2549078.0,207861.0,257.0,9764.0,5.0,Grande Manaus,2021,2021-04-26
Norte,AM,2021-05-02,2549078.0,208159.0,298.0,9767.0,3.0,Grande Manaus,2021,2021-04-26
Norte,AM,2021-05-03,2549078.0,208474.0,315.0,9777.0,10.0,Grande Manaus,2021,2021-05-03
Norte,AM,2021-05-04,2549078.0,208836.0,362.0,9788.0,11.0,Grande Manaus,2021,2021-05-03
Norte,AM,2021-05-05,2549078.0,209179.0,343.0,9795.0,7.0,Grande Manaus,2021,2021-05-03
Norte,AM,2021-05-06,2549078.0,209501.0,322.0,9805.0,10.0,Grande Manaus,2021,2021-05-03
Norte,AM,2021-05-07,2549078.0,209823.0,322.0,9809.0,4.0,Grande Manaus,2021,2021-05-03
Norte,AM,2021-05-08,2549078.0,210150.0,327.0,9817.0,8.0,Grande Manaus,2021,2021-05-03
Norte,AM,2021-05-09,2549078.0,210311.0,161.0,9820.0,3.0,Grande Manaus,2021,2021-05-03
Norte,AM,2021-05-10,2549078.0,210505.0,194.0,9837.0,17.0,Grande Manaus,2021,2021-05-10
Norte,AM,2021-05-11,2549078.0,210871.0,366.0,9847.0,10.0,Grande Manaus,2021,2021-05-10
Norte,AM,2021-05-12,2549078.0,211219.0,348.0,9858.0,11.0,Grande Manaus,2021,2021-05-10
Norte,AM,2021-05-13,2549078.0,211603.0,384.0,9867.0,9.0,Grande Manaus,2021,2021-05-10
Norte,AM,2021-05-14,2549078.0,211987.0,384.0,9880.0,13.0,Grande Manaus,2021,2021-05-10
Norte,AM,2021-05-15,2549078.0,212261.0,274.0,9894.0,14.0,Grande Manaus,2021,2021-05-10
Norte,AM,2021-05-16,2549078.0,212408.0,147.0,9901.0,7.0,Grande Manaus,2021,2021-05-10
Norte,AM,2021-05-17,2549078.0,212617.0,209.0,9922.0,21.0,Grande Manaus,2021,2021-05-17
Norte,AM,2021-05-18,2549078.0,212965.0,348.0,9937.0,15.0,Grande Manaus,2021,2021-05-17
Norte,AM,2021-05-19,2549078.0,213301.0,336.0,9949.0,12.0,Grande Manaus,2021,2021-05-17
Norte,AM,2021-05-20,2549078.0,213674.0,373.0,9952.0,3.0,Grande Manaus,2021,2021-05-17
Norte,AM,2021-05-21,2549078.0,214033.0,359.0,9956.0,4.0,Grande Manaus,2021,2021-05-17
Norte,AM,2021-05-22,2549078.0,214356.0,323.0,9959.0,3.0,Grande Manaus,2021,2021-05-17
Norte,AM,2021-05-23,2549078.0,214615.0,259.0,9963.0,4.0,Grande Manaus,2021,2021-05-17
Norte,AM,2021-05-24,2549078.0,214826.0,211.0,9965.0,2.0,Grande Manaus,2021,2021-05-24
Norte,AM,2021-05-25,2549078.0,215123.0,297.0,9970.0,5.0,Grande Manaus,2021,2021-05-24
Norte,AM,2021-05-26,2549078.0,215446.0,323.0,9976.0,6.0,Grande Manaus,2021,2021-05-24
Norte,AM,2021-05-27,2549078.0,215873.0,427.0,9981.0,5.0,Grande Manaus,2021,2021-05-24
Norte,AM,2021-05-28,2549078.0,215981.0,108.0,9990.0,9.0,Grande Manaus,2021,2021-05-24
Norte,AM,2021-05-29,2549078.0,216588.0,607.0,9993.0,3.0,Grande Manaus,2021,2021-05-24
Norte,AM,2021-05-30,2549078.0,216779.0,191.0,9997.0,4.0,Grande Manaus,2021,2021-05-24
Norte,AM,2021-05-31,2549078.0,217053.0,274.0,10002.0,5.0,Grande Manaus,2021,2021-05-31
Norte,AM,2021-06-01,2549078.0,217415.0,362.0,10009.0,7.0,Grande Manaus,2021,2021-05-31
Norte,AM,2021-06-02,2549078.0,217857.0,442.0,10018.0,9.0,Grande Manaus,2021,2021-05-31
Norte,AM,2021-06-03,2549078.0,218277.0,420.0,10022.0,4.0,Grande Manaus,2021,2021-05-31
Norte,AM,2021-06-04,2549078.0,218612.0,335.0,10046.0,24.0,Grande Manaus,2021,2021-05-31
Norte,AM,2021-06-05,2549078.0,218871.0,259.0,10053.0,7.0,Grande Manaus,2021,2021-05-31
Norte,AM,2021-06-06,2549078.0,219158.0,287.0,10056.0,3.0,Grande Manaus,2021,2021-05-31
Norte,AM,2021-06-07,2549078.0,219380.0,222.0,10061.0,5.0,Grande Manaus,2021,2021-06-07
Norte,AM,2021-06-08,2549078.0,219641.0,261.0,10080.0,19.0,Grande Manaus,2021,2021-06-07
Norte,AM,2021-06-09,2549078.0,220132.0,491.0,10090.0,10.0,Grande Manaus,2021,2021-06-07
Norte,PA,2020-03-27,2510274.0,0.0,0.0,0.0,0.0,Grande Belém,2020,2020-03-23
Norte,PA,2020-03-28,2510274.0,14.0,14.0,0.0,0.0,Grande Belém,2020,2020-03-23
Norte,PA,2020-03-29,2510274.0,15.0,1.0,0.0,0.0,Grande Belém,2020,2020-03-23
Norte,PA,2020-03-30,2510274.0,18.0,3.0,0.0,0.0,Grande Belém,2020,2020-03-30
Norte,PA,2020-03-31,2510274.0,28.0,10.0,0.0,0.0,Grande Belém,2020,2020-03-30
Norte,PA,2020-04-01,2510274.0,34.0,6.0,0.0,0.0,Grande Belém,2020,2020-03-30
Norte,PA,2020-04-02,2510274.0,36.0,2.0,0.0,0.0,Grande Belém,2020,2020-03-30
Norte,PA,2020-04-03,2510274.0,40.0,4.0,0.0,0.0,Grande Belém,2020,2020-03-30
Norte,PA,2020-04-04,2510274.0,59.0,19.0,0.0,0.0,Grande Belém,2020,2020-03-30
Norte,PA,2020-04-05,2510274.0,65.0,6.0,0.0,0.0,Grande Belém,2020,2020-03-30
Norte,PA,2020-04-06,2510274.0,81.0,16.0,2.0,2.0,Grande Belém,2020,2020-04-06
Norte,PA,2020-04-07,2510274.0,110.0,29.0,3.0,1.0,Grande Belém,2020,2020-04-06
Norte,PA,2020-04-08,2510274.0,137.0,27.0,4.0,1.0,Grande Belém,2020,2020-04-06
Norte,PA,2020-04-09,2510274.0,137.0,0.0,5.0,1.0,Grande Belém,2020,2020-04-06
Norte,PA,2020-04-10,2510274.0,138.0,1.0,7.0,2.0,Grande Belém,2020,2020-04-06
Norte,PA,2020-04-11,2510274.0,175.0,37.0,8.0,1.0,Grande Belém,2020,2020-04-06
Norte,PA,2020-04-12,2510274.0,202.0,27.0,10.0,2.0,Grande Belém,2020,2020-04-06
Norte,PA,2020-04-13,2510274.0,223.0,21.0,12.0,2.0,Grande Belém,2020,2020-04-13
Norte,PA,2020-04-14,2510274.0,269.0,46.0,15.0,3.0,Grande Belém,2020,2020-04-13
Norte,PA,2020-04-15,2510274.0,322.0,53.0,16.0,1.0,Grande Belém,2020,2020-04-13
Norte,PA,2020-04-16,2510274.0,367.0,45.0,19.0,3.0,Grande Belém,2020,2020-04-13
Norte,PA,2020-04-17,2510274.0,465.0,98.0,21.0,2.0,Grande Belém,2020,2020-04-13
Norte,PA,2020-04-18,2510274.0,541.0,76.0,24.0,3.0,Grande Belém,2020,2020-04-13
Norte,PA,2020-04-19,2510274.0,569.0,28.0,24.0,0.0,Grande Belém,2020,2020-04-13
Norte,PA,2020-04-20,2510274.0,745.0,176.0,25.0,1.0,Grande Belém,2020,2020-04-20
Norte,PA,2020-04-21,2510274.0,842.0,97.0,26.0,1.0,Grande Belém,2020,2020-04-20
Norte,PA,2020-04-22,2510274.0,968.0,126.0,28.0,2.0,Grande Belém,2020,2020-04-20
Norte,PA,2020-04-23,2510274.0,1013.0,45.0,35.0,7.0,Grande Belém,2020,2020-04-20
Norte,PA,2020-04-24,2510274.0,1155.0,142.0,53.0,18.0,Grande Belém,2020,2020-04-20
Norte,PA,2020-04-25,2510274.0,1381.0,226.0,70.0,17.0,Grande Belém,2020,2020-04-20
Norte,PA,2020-04-26,2510274.0,1447.0,66.0,73.0,3.0,Grande Belém,2020,2020-04-20
Norte,PA,2020-04-27,2510274.0,1641.0,194.0,80.0,7.0,Grande Belém,2020,2020-04-27
Norte,PA,2020-04-28,2510274.0,1713.0,72.0,83.0,3.0,Grande Belém,2020,2020-04-27
Norte,PA,2020-04-29,2510274.0,1824.0,111.0,90.0,7.0,Grande Belém,2020,2020-04-27
Norte,PA,2020-04-30,2510274.0,2115.0,291.0,147.0,57.0,Grande Belém,2020,2020-04-27
Norte,PA,2020-05-01,2510274.0,2317.0,202.0,166.0,19.0,Grande Belém,2020,2020-04-27
Norte,PA,2020-05-02,2510274.0,2485.0,168.0,189.0,23.0,Grande Belém,2020,2020-04-27
Norte,PA,2020-05-03,2510274.0,2705.0,220.0,215.0,26.0,Grande Belém,2020,2020-04-27
Norte,PA,2020-05-04,2510274.0,2842.0,137.0,222.0,7.0,Grande Belém,2020,2020-05-04
Norte,PA,2020-05-05,2510274.0,3051.0,209.0,239.0,17.0,Grande Belém,2020,2020-05-04
Norte,PA,2020-05-06,2510274.0,3482.0,431.0,254.0,15.0,Grande Belém,2020,2020-05-04
Norte,PA,2020-05-07,2510274.0,3823.0,341.0,263.0,9.0,Grande Belém,2020,2020-05-04
Norte,PA,2020-05-08,2510274.0,4167.0,344.0,342.0,79.0,Grande Belém,2020,2020-05-04
Norte,PA,2020-05-09,2510274.0,4476.0,309.0,371.0,29.0,Grande Belém,2020,2020-05-04
Norte,PA,2020-05-10,2510274.0,4679.0,203.0,429.0,58.0,Grande Belém,2020,2020-05-04
Norte,PA,2020-05-11,2510274.0,4785.0,106.0,463.0,34.0,Grande Belém,2020,2020-05-11
Norte,PA,2020-05-12,2510274.0,5279.0,494.0,582.0,119.0,Grande Belém,2020,2020-05-11
Norte,PA,2020-05-13,2510274.0,5777.0,498.0,642.0,60.0,Grande Belém,2020,2020-05-11
Norte,PA,2020-05-14,2510274.0,6398.0,621.0,736.0,94.0,Grande Belém,2020,2020-05-11
Norte,PA,2020-05-15,2510274.0,7075.0,677.0,788.0,52.0,Grande Belém,2020,2020-05-11
Norte,PA,2020-05-16,2510274.0,7644.0,569.0,825.0,37.0,Grande Belém,2020,2020-05-11
Norte,PA,2020-05-17,2510274.0,8009.0,365.0,852.0,27.0,Grande Belém,2020,2020-05-11
Norte,PA,2020-05-18,2510274.0,8472.0,463.0,868.0,16.0,Grande Belém,2020,2020-05-18
Norte,PA,2020-05-19,2510274.0,9114.0,642.0,987.0,119.0,Grande Belém,2020,2020-05-18
Norte,PA,2020-05-20,2510274.0,9634.0,520.0,1058.0,71.0,Grande Belém,2020,2020-05-18
Norte,PA,2020-05-21,2510274.0,10322.0,688.0,1224.0,166.0,Grande Belém,2020,2020-05-18
Norte,PA,2020-05-22,2510274.0,11057.0,735.0,1265.0,41.0,Grande Belém,2020,2020-05-18
Norte,PA,2020-05-23,2510274.0,11723.0,666.0,1289.0,24.0,Grande Belém,2020,2020-05-18
Norte,PA,2020-05-24,2510274.0,12571.0,848.0,1359.0,70.0,Grande Belém,2020,2020-05-18
Norte,PA,2020-05-25,2510274.0,13315.0,744.0,1483.0,124.0,Grande Belém,2020,2020-05-25
Norte,PA,2020-05-26,2510274.0,13949.0,634.0,1532.0,49.0,Grande Belém,2020,2020-05-25
Norte,PA,2020-05-27,2510274.0,14679.0,730.0,1547.0,15.0,Grande Belém,2020,2020-05-25
Norte,PA,2020-05-28,2510274.0,15444.0,765.0,1638.0,91.0,Grande Belém,2020,2020-05-25
Norte,PA,2020-05-29,2510274.0,16203.0,759.0,1695.0,57.0,Grande Belém,2020,2020-05-25
Norte,PA,2020-05-30,2510274.0,16391.0,188.0,1736.0,41.0,Grande Belém,2020,2020-05-25
Norte,PA,2020-05-31,2510274.0,16553.0,162.0,1745.0,9.0,Grande Belém,2020,2020-05-25
Norte,PA,2020-06-01,2510274.0,16569.0,16.0,1746.0,1.0,Grande Belém,2020,2020-06-01
Norte,PA,2020-06-02,2510274.0,17568.0,999.0,1785.0,39.0,Grande Belém,2020,2020-06-01
Norte,PA,2020-06-03,2510274.0,18314.0,746.0,1849.0,64.0,Grande Belém,2020,2020-06-01
Norte,PA,2020-06-04,2510274.0,18808.0,494.0,2003.0,154.0,Grande Belém,2020,2020-06-01
Norte,PA,2020-06-05,2510274.0,19467.0,659.0,2058.0,55.0,Grande Belém,2020,2020-06-01
Norte,PA,2020-06-06,2510274.0,20002.0,535.0,2090.0,32.0,Grande Belém,2020,2020-06-01
Norte,PA,2020-06-07,2510274.0,20187.0,185.0,2113.0,23.0,Grande Belém,2020,2020-06-01
Norte,PA,2020-06-08,2510274.0,20449.0,262.0,2142.0,29.0,Grande Belém,2020,2020-06-08
Norte,PA,2020-06-09,2510274.0,21064.0,615.0,2177.0,35.0,Grande Belém,2020,2020-06-08
Norte,PA,2020-06-10,2510274.0,21799.0,735.0,2193.0,16.0,Grande Belém,2020,2020-06-08
Norte,PA,2020-06-11,2510274.0,22101.0,302.0,2224.0,31.0,Grande Belém,2020,2020-06-08
Norte,PA,2020-06-12,2510274.0,22461.0,360.0,2269.0,45.0,Grande Belém,2020,2020-06-08
Norte,PA,2020-06-13,2510274.0,23143.0,682.0,2293.0,24.0,Grande Belém,2020,2020-06-08
Norte,PA,2020-06-14,2510274.0,23297.0,154.0,2288.0,-5.0,Grande Belém,2020,2020-06-08
Norte,PA,2020-06-15,2510274.0,23110.0,-187.0,2295.0,7.0,Grande Belém,2020,2020-06-15
Norte,PA,2020-06-16,2510274.0,23424.0,314.0,2330.0,35.0,Grande Belém,2020,2020-06-15
Norte,PA,2020-06-17,2510274.0,23754.0,330.0,2364.0,34.0,Grande Belém,2020,2020-06-15
Norte,PA,2020-06-18,2510274.0,24040.0,286.0,2380.0,16.0,Grande Belém,2020,2020-06-15
Norte,PA,2020-06-19,2510274.0,24635.0,595.0,2406.0,26.0,Grande Belém,2020,2020-06-15
Norte,PA,2020-06-20,2510274.0,24967.0,332.0,2420.0,14.0,Grande Belém,2020,2020-06-15
Norte,PA,2020-06-21,2510274.0,25187.0,220.0,2445.0,25.0,Grande Belém,2020,2020-06-15
Norte,PA,2020-06-22,2510274.0,25289.0,102.0,2449.0,4.0,Grande Belém,2020,2020-06-22
Norte,PA,2020-06-23,2510274.0,25691.0,402.0,2478.0,29.0,Grande Belém,2020,2020-06-22
Norte,PA,2020-06-24,2510274.0,26015.0,324.0,2497.0,19.0,Grande Belém,2020,2020-06-22
Norte,PA,2020-06-25,2510274.0,26358.0,343.0,2500.0,3.0,Grande Belém,2020,2020-06-22
Norte,PA,2020-06-26,2510274.0,26693.0,335.0,2516.0,16.0,Grande Belém,2020,2020-06-22
Norte,PA,2020-06-27,2510274.0,26900.0,207.0,2525.0,9.0,Grande Belém,2020,2020-06-22
Norte,PA,2020-06-28,2510274.0,27086.0,186.0,2530.0,5.0,Grande Belém,2020,2020-06-22
Norte,PA,2020-06-29,2510274.0,27338.0,252.0,2533.0,3.0,Grande Belém,2020,2020-06-29
Norte,PA,2020-06-30,2510274.0,27732.0,394.0,2539.0,6.0,Grande Belém,2020,2020-06-29
Norte,PA,2020-07-01,2510274.0,27927.0,195.0,2549.0,10.0,Grande Belém,2020,2020-06-29
Norte,PA,2020-07-02,2510274.0,28212.0,285.0,2567.0,18.0,Grande Belém,2020,2020-06-29
Norte,PA,2020-07-03,2510274.0,28662.0,450.0,2583.0,16.0,Grande Belém,2020,2020-06-29
Norte,PA,2020-07-04,2510274.0,29043.0,381.0,2591.0,8.0,Grande Belém,2020,2020-06-29
Norte,PA,2020-07-05,2510274.0,29527.0,484.0,2600.0,9.0,Grande Belém,2020,2020-06-29
Norte,PA,2020-07-06,2510274.0,29623.0,96.0,2604.0,4.0,Grande Belém,2020,2020-07-06
Norte,PA,2020-07-07,2510274.0,29942.0,319.0,2611.0,7.0,Grande Belém,2020,2020-07-06
Norte,PA,2020-07-08,2510274.0,30239.0,297.0,2622.0,11.0,Grande Belém,2020,2020-07-06
Norte,PA,2020-07-09,2510274.0,30473.0,234.0,2637.0,15.0,Grande Belém,2020,2020-07-06
Norte,PA,2020-07-10,2510274.0,30668.0,195.0,2643.0,6.0,Grande Belém,2020,2020-07-06
Norte,PA,2020-07-11,2510274.0,30919.0,251.0,2649.0,6.0,Grande Belém,2020,2020-07-06
Norte,PA,2020-07-12,2510274.0,31030.0,111.0,2656.0,7.0,Grande Belém,2020,2020-07-06
Norte,PA,2020-07-13,2510274.0,31198.0,168.0,2657.0,1.0,Grande Belém,2020,2020-07-13
Norte,PA,2020-07-14,2510274.0,31516.0,318.0,2663.0,6.0,Grande Belém,2020,2020-07-13
Norte,PA,2020-07-15,2510274.0,31905.0,389.0,2670.0,7.0,Grande Belém,2020,2020-07-13
Norte,PA,2020-07-16,2510274.0,32183.0,278.0,2674.0,4.0,Grande Belém,2020,2020-07-13
Norte,PA,2020-07-17,2510274.0,32517.0,334.0,2693.0,19.0,Grande Belém,2020,2020-07-13
Norte,PA,2020-07-18,2510274.0,32862.0,345.0,2698.0,5.0,Grande Belém,2020,2020-07-13
Norte,PA,2020-07-19,2510274.0,33091.0,229.0,2707.0,9.0,Grande Belém,2020,2020-07-13
Norte,PA,2020-07-20,2510274.0,33709.0,618.0,2716.0,9.0,Grande Belém,2020,2020-07-20
Norte,PA,2020-07-21,2510274.0,34124.0,415.0,2719.0,3.0,Grande Belém,2020,2020-07-20
Norte,PA,2020-07-22,2510274.0,34317.0,193.0,2723.0,4.0,Grande Belém,2020,2020-07-20
Norte,PA,2020-07-23,2510274.0,34575.0,258.0,2728.0,5.0,Grande Belém,2020,2020-07-20
Norte,PA,2020-07-24,2510274.0,34757.0,182.0,2731.0,3.0,Grande Belém,2020,2020-07-20
Norte,PA,2020-07-25,2510274.0,34908.0,151.0,2739.0,8.0,Grande Belém,2020,2020-07-20
Norte,PA,2020-07-26,2510274.0,35055.0,147.0,2747.0,8.0,Grande Belém,2020,2020-07-20
Norte,PA,2020-07-27,2510274.0,35164.0,109.0,2749.0,2.0,Grande Belém,2020,2020-07-27
Norte,PA,2020-07-28,2510274.0,35265.0,101.0,2731.0,-18.0,Grande Belém,2020,2020-07-27
Norte,PA,2020-07-29,2510274.0,35194.0,-71.0,2692.0,-39.0,Grande Belém,2020,2020-07-27
Norte,PA,2020-07-30,2510274.0,35373.0,179.0,2692.0,0.0,Grande Belém,2020,2020-07-27
Norte,PA,2020-07-31,2510274.0,35652.0,279.0,2699.0,7.0,Grande Belém,2020,2020-07-27
Norte,PA,2020-08-01,2510274.0,35874.0,222.0,2705.0,6.0,Grande Belém,2020,2020-07-27
Norte,PA,2020-08-02,2510274.0,35994.0,120.0,2712.0,7.0,Grande Belém,2020,2020-07-27
Norte,PA,2020-08-03,2510274.0,36116.0,122.0,2715.0,3.0,Grande Belém,2020,2020-08-03
Norte,PA,2020-08-04,2510274.0,36618.0,502.0,2717.0,2.0,Grande Belém,2020,2020-08-03
Norte,PA,2020-08-05,2510274.0,37193.0,575.0,2725.0,8.0,Grande Belém,2020,2020-08-03
Norte,PA,2020-08-06,2510274.0,37915.0,722.0,2729.0,4.0,Grande Belém,2020,2020-08-03
Norte,PA,2020-08-07,2510274.0,38288.0,373.0,2735.0,6.0,Grande Belém,2020,2020-08-03
Norte,PA,2020-08-08,2510274.0,38751.0,463.0,2741.0,6.0,Grande Belém,2020,2020-08-03
Norte,PA,2020-08-09,2510274.0,38889.0,138.0,2743.0,2.0,Grande Belém,2020,2020-08-03
Norte,PA,2020-08-10,2510274.0,38985.0,96.0,2744.0,1.0,Grande Belém,2020,2020-08-10
Norte,PA,2020-08-11,2510274.0,39192.0,207.0,2747.0,3.0,Grande Belém,2020,2020-08-10
Norte,PA,2020-08-12,2510274.0,39479.0,287.0,2747.0,0.0,Grande Belém,2020,2020-08-10
Norte,PA,2020-08-13,2510274.0,39671.0,192.0,2751.0,4.0,Grande Belém,2020,2020-08-10
Norte,PA,2020-08-14,2510274.0,39901.0,230.0,2753.0,2.0,Grande Belém,2020,2020-08-10
Norte,PA,2020-08-15,2510274.0,40038.0,137.0,2755.0,2.0,Grande Belém,2020,2020-08-10
Norte,PA,2020-08-16,2510274.0,40257.0,219.0,2756.0,1.0,Grande Belém,2020,2020-08-10
Norte,PA,2020-08-17,2510274.0,40331.0,74.0,2756.0,0.0,Grande Belém,2020,2020-08-17
Norte,PA,2020-08-18,2510274.0,40541.0,210.0,2761.0,5.0,Grande Belém,2020,2020-08-17
Norte,PA,2020-08-19,2510274.0,40724.0,183.0,2767.0,6.0,Grande Belém,2020,2020-08-17
Norte,PA,2020-08-20,2510274.0,40885.0,161.0,2768.0,1.0,Grande Belém,2020,2020-08-17
Norte,PA,2020-08-21,2510274.0,41195.0,310.0,2770.0,2.0,Grande Belém,2020,2020-08-17
Norte,PA,2020-08-22,2510274.0,41493.0,298.0,2770.0,0.0,Grande Belém,2020,2020-08-17
Norte,PA,2020-08-23,2510274.0,41695.0,202.0,2774.0,4.0,Grande Belém,2020,2020-08-17
Norte,PA,2020-08-24,2510274.0,41775.0,80.0,2777.0,3.0,Grande Belém,2020,2020-08-24
Norte,PA,2020-08-25,2510274.0,42117.0,342.0,2782.0,5.0,Grande Belém,2020,2020-08-24
Norte,PA,2020-08-26,2510274.0,42359.0,242.0,2783.0,1.0,Grande Belém,2020,2020-08-24
Norte,PA,2020-08-27,2510274.0,42603.0,244.0,2783.0,0.0,Grande Belém,2020,2020-08-24
Norte,PA,2020-08-28,2510274.0,42809.0,206.0,2784.0,1.0,Grande Belém,2020,2020-08-24
Norte,PA,2020-08-29,2510274.0,43043.0,234.0,2786.0,2.0,Grande Belém,2020,2020-08-24
Norte,PA,2020-08-30,2510274.0,43594.0,551.0,2788.0,2.0,Grande Belém,2020,2020-08-24
Norte,PA,2020-08-31,2510274.0,43825.0,231.0,2790.0,2.0,Grande Belém,2020,2020-08-31
Norte,PA,2020-09-01,2510274.0,44069.0,244.0,2796.0,6.0,Grande Belém,2020,2020-08-31
Norte,PA,2020-09-02,2510274.0,44396.0,327.0,2800.0,4.0,Grande Belém,2020,2020-08-31
Norte,PA,2020-09-03,2510274.0,44762.0,366.0,2803.0,3.0,Grande Belém,2020,2020-08-31
Norte,PA,2020-09-04,2510274.0,45085.0,323.0,2808.0,5.0,Grande Belém,2020,2020-08-31
Norte,PA,2020-09-05,2510274.0,45476.0,391.0,2810.0,2.0,Grande Belém,2020,2020-08-31
Norte,PA,2020-09-06,2510274.0,45699.0,223.0,2814.0,4.0,Grande Belém,2020,2020-08-31
Norte,PA,2020-09-07,2510274.0,45893.0,194.0,2814.0,0.0,Grande Belém,2020,2020-09-07
Norte,PA,2020-09-08,2510274.0,45984.0,91.0,2816.0,2.0,Grande Belém,2020,2020-09-07
Norte,PA,2020-09-09,2510274.0,46147.0,163.0,2820.0,4.0,Grande Belém,2020,2020-09-07
Norte,PA,2020-09-10,2510274.0,46401.0,254.0,2823.0,3.0,Grande Belém,2020,2020-09-07
Norte,PA,2020-09-11,2510274.0,46906.0,505.0,2827.0,4.0,Grande Belém,2020,2020-09-07
Norte,PA,2020-09-12,2510274.0,47091.0,185.0,2829.0,2.0,Grande Belém,2020,2020-09-07
Norte,PA,2020-09-13,2510274.0,47314.0,223.0,2842.0,13.0,Grande Belém,2020,2020-09-07
Norte,PA,2020-09-14,2510274.0,47320.0,6.0,2851.0,9.0,Grande Belém,2020,2020-09-14
Norte,PA,2020-09-15,2510274.0,47591.0,271.0,2855.0,4.0,Grande Belém,2020,2020-09-14
Norte,PA,2020-09-16,2510274.0,47847.0,256.0,2861.0,6.0,Grande Belém,2020,2020-09-14
Norte,PA,2020-09-17,2510274.0,48048.0,201.0,2866.0,5.0,Grande Belém,2020,2020-09-14
Norte,PA,2020-09-18,2510274.0,48176.0,128.0,2869.0,3.0,Grande Belém,2020,2020-09-14
Norte,PA,2020-09-19,2510274.0,48455.0,279.0,2870.0,1.0,Grande Belém,2020,2020-09-14
Norte,PA,2020-09-20,2510274.0,48479.0,24.0,2876.0,6.0,Grande Belém,2020,2020-09-14
Norte,PA,2020-09-21,2510274.0,48499.0,20.0,2877.0,1.0,Grande Belém,2020,2020-09-21
Norte,PA,2020-09-22,2510274.0,48761.0,262.0,2881.0,4.0,Grande Belém,2020,2020-09-21
Norte,PA,2020-09-23,2510274.0,48997.0,236.0,2883.0,2.0,Grande Belém,2020,2020-09-21
Norte,PA,2020-09-24,2510274.0,49314.0,317.0,2886.0,3.0,Grande Belém,2020,2020-09-21
Norte,PA,2020-09-25,2510274.0,49531.0,217.0,2848.0,-38.0,Grande Belém,2020,2020-09-21
Norte,PA,2020-09-26,2510274.0,49844.0,313.0,2900.0,52.0,Grande Belém,2020,2020-09-21
Norte,PA,2020-09-27,2510274.0,49940.0,96.0,2905.0,5.0,Grande Belém,2020,2020-09-21
Norte,PA,2020-09-28,2510274.0,49956.0,16.0,2906.0,1.0,Grande Belém,2020,2020-09-28
Norte,PA,2020-09-29,2510274.0,50143.0,187.0,2910.0,4.0,Grande Belém,2020,2020-09-28
Norte,PA,2020-09-30,2510274.0,50404.0,261.0,2914.0,4.0,Grande Belém,2020,2020-09-28
Norte,PA,2020-10-01,2510274.0,50769.0,365.0,2916.0,2.0,Grande Belém,2020,2020-09-28
Norte,PA,2020-10-02,2510274.0,51003.0,234.0,2916.0,0.0,Grande Belém,2020,2020-09-28
Norte,PA,2020-10-03,2510274.0,51294.0,291.0,2920.0,4.0,Grande Belém,2020,2020-09-28
Norte,PA,2020-10-04,2510274.0,51319.0,25.0,2922.0,2.0,Grande Belém,2020,2020-09-28
Norte,PA,2020-10-05,2510274.0,51325.0,6.0,2927.0,5.0,Grande Belém,2020,2020-10-05
Norte,PA,2020-10-06,2510274.0,51533.0,208.0,2931.0,4.0,Grande Belém,2020,2020-10-05
Norte,PA,2020-10-07,2510274.0,51942.0,409.0,2931.0,0.0,Grande Belém,2020,2020-10-05
Norte,PA,2020-10-08,2510274.0,52202.0,260.0,2933.0,2.0,Grande Belém,2020,2020-10-05
Norte,PA,2020-10-09,2510274.0,52350.0,148.0,2938.0,5.0,Grande Belém,2020,2020-10-05
Norte,PA,2020-10-10,2510274.0,52420.0,70.0,2939.0,1.0,Grande Belém,2020,2020-10-05
Norte,PA,2020-10-11,2510274.0,52421.0,1.0,2940.0,1.0,Grande Belém,2020,2020-10-05
Norte,PA,2020-10-12,2510274.0,52421.0,0.0,2941.0,1.0,Grande Belém,2020,2020-10-12
Norte,PA,2020-10-13,2510274.0,52450.0,29.0,2941.0,0.0,Grande Belém,2020,2020-10-12
Norte,PA,2020-10-14,2510274.0,52691.0,241.0,2942.0,1.0,Grande Belém,2020,2020-10-12
Norte,PA,2020-10-15,2510274.0,52855.0,164.0,2944.0,2.0,Grande Belém,2020,2020-10-12
Norte,PA,2020-10-16,2510274.0,53176.0,321.0,2944.0,0.0,Grande Belém,2020,2020-10-12
Norte,PA,2020-10-17,2510274.0,53430.0,254.0,2945.0,1.0,Grande Belém,2020,2020-10-12
Norte,PA,2020-10-18,2510274.0,53600.0,170.0,2945.0,0.0,Grande Belém,2020,2020-10-12
Norte,PA,2020-10-19,2510274.0,53608.0,8.0,2947.0,2.0,Grande Belém,2020,2020-10-19
Norte,PA,2020-10-20,2510274.0,53905.0,297.0,2947.0,0.0,Grande Belém,2020,2020-10-19
Norte,PA,2020-10-21,2510274.0,54276.0,371.0,2948.0,1.0,Grande Belém,2020,2020-10-19
Norte,PA,2020-10-22,2510274.0,54827.0,551.0,2952.0,4.0,Grande Belém,2020,2020-10-19
Norte,PA,2020-10-23,2510274.0,55230.0,403.0,2957.0,5.0,Grande Belém,2020,2020-10-19
Norte,PA,2020-10-24,2510274.0,55987.0,757.0,2962.0,5.0,Grande Belém,2020,2020-10-19
Norte,PA,2020-10-25,2510274.0,56603.0,616.0,2965.0,3.0,Grande Belém,2020,2020-10-19
Norte,PA,2020-10-26,2510274.0,57148.0,545.0,2967.0,2.0,Grande Belém,2020,2020-10-26
Norte,PA,2020-10-27,2510274.0,57711.0,563.0,2969.0,2.0,Grande Belém,2020,2020-10-26
Norte,PA,2020-10-28,2510274.0,58180.0,469.0,2969.0,0.0,Grande Belém,2020,2020-10-26
Norte,PA,2020-10-29,2510274.0,58652.0,472.0,2970.0,1.0,Grande Belém,2020,2020-10-26
Norte,PA,2020-10-30,2510274.0,59114.0,462.0,2971.0,1.0,Grande Belém,2020,2020-10-26
Norte,PA,2020-10-31,2510274.0,59335.0,221.0,2972.0,1.0,Grande Belém,2020,2020-10-26
Norte,PA,2020-11-01,2510274.0,59460.0,125.0,2975.0,3.0,Grande Belém,2020,2020-10-26
Norte,PA,2020-11-02,2510274.0,59582.0,122.0,2977.0,2.0,Grande Belém,2020,2020-11-02
Norte,PA,2020-11-03,2510274.0,59688.0,106.0,2977.0,0.0,Grande Belém,2020,2020-11-02
Norte,PA,2020-11-04,2510274.0,59919.0,231.0,2981.0,4.0,Grande Belém,2020,2020-11-02
Norte,PA,2020-11-05,2510274.0,60228.0,309.0,2982.0,1.0,Grande Belém,2020,2020-11-02
Norte,PA,2020-11-06,2510274.0,60462.0,234.0,2983.0,1.0,Grande Belém,2020,2020-11-02
Norte,PA,2020-11-07,2510274.0,60796.0,334.0,2983.0,0.0,Grande Belém,2020,2020-11-02
Norte,PA,2020-11-08,2510274.0,60900.0,104.0,2987.0,4.0,Grande Belém,2020,2020-11-02
Norte,PA,2020-11-09,2510274.0,61021.0,121.0,2992.0,5.0,Grande Belém,2020,2020-11-09
Norte,PA,2020-11-10,2510274.0,61326.0,305.0,2993.0,1.0,Grande Belém,2020,2020-11-09
Norte,PA,2020-11-11,2510274.0,61756.0,430.0,2996.0,3.0,Grande Belém,2020,2020-11-09
Norte,PA,2020-11-12,2510274.0,62166.0,410.0,2997.0,1.0,Grande Belém,2020,2020-11-09
Norte,PA,2020-11-13,2510274.0,62596.0,430.0,2999.0,2.0,Grande Belém,2020,2020-11-09
Norte,PA,2020-11-14,2510274.0,62679.0,83.0,3003.0,4.0,Grande Belém,2020,2020-11-09
Norte,PA,2020-11-15,2510274.0,62919.0,240.0,3007.0,4.0,Grande Belém,2020,2020-11-09
Norte,PA,2020-11-16,2510274.0,63026.0,107.0,3010.0,3.0,Grande Belém,2020,2020-11-16
Norte,PA,2020-11-17,2510274.0,63178.0,152.0,3011.0,1.0,Grande Belém,2020,2020-11-16
Norte,PA,2020-11-18,2510274.0,63562.0,384.0,3014.0,3.0,Grande Belém,2020,2020-11-16
Norte,PA,2020-11-19,2510274.0,63884.0,322.0,3018.0,4.0,Grande Belém,2020,2020-11-16
Norte,PA,2020-11-20,2510274.0,64186.0,302.0,3019.0,1.0,Grande Belém,2020,2020-11-16
Norte,PA,2020-11-21,2510274.0,64408.0,222.0,3023.0,4.0,Grande Belém,2020,2020-11-16
Norte,PA,2020-11-22,2510274.0,64683.0,275.0,3026.0,3.0,Grande Belém,2020,2020-11-16
Norte,PA,2020-11-23,2510274.0,64934.0,251.0,3026.0,0.0,Grande Belém,2020,2020-11-23
Norte,PA,2020-11-24,2510274.0,65032.0,98.0,3027.0,1.0,Grande Belém,2020,2020-11-23
Norte,PA,2020-11-25,2510274.0,65356.0,324.0,3029.0,2.0,Grande Belém,2020,2020-11-23
Norte,PA,2020-11-26,2510274.0,65700.0,344.0,3030.0,1.0,Grande Belém,2020,2020-11-23
Norte,PA,2020-11-27,2510274.0,66014.0,314.0,3033.0,3.0,Grande Belém,2020,2020-11-23
Norte,PA,2020-11-28,2510274.0,66284.0,270.0,3039.0,6.0,Grande Belém,2020,2020-11-23
Norte,PA,2020-11-29,2510274.0,66694.0,410.0,3044.0,5.0,Grande Belém,2020,2020-11-23
Norte,PA,2020-11-30,2510274.0,66859.0,165.0,3046.0,2.0,Grande Belém,2020,2020-11-30
Norte,PA,2020-12-01,2510274.0,67135.0,276.0,3048.0,2.0,Grande Belém,2020,2020-11-30
Norte,PA,2020-12-02,2510274.0,67466.0,331.0,3051.0,3.0,Grande Belém,2020,2020-11-30
Norte,PA,2020-12-03,2510274.0,67838.0,372.0,3055.0,4.0,Grande Belém,2020,2020-11-30
Norte,PA,2020-12-04,2510274.0,68046.0,208.0,3060.0,5.0,Grande Belém,2020,2020-11-30
Norte,PA,2020-12-05,2510274.0,68387.0,341.0,3063.0,3.0,Grande Belém,2020,2020-11-30
Norte,PA,2020-12-06,2510274.0,68646.0,259.0,3065.0,2.0,Grande Belém,2020,2020-11-30
Norte,PA,2020-12-07,2510274.0,68926.0,280.0,3068.0,3.0,Grande Belém,2020,2020-12-07
Norte,PA,2020-12-08,2510274.0,69105.0,179.0,3073.0,5.0,Grande Belém,2020,2020-12-07
Norte,PA,2020-12-09,2510274.0,69168.0,63.0,3073.0,0.0,Grande Belém,2020,2020-12-07
Norte,PA,2020-12-10,2510274.0,69381.0,213.0,3076.0,3.0,Grande Belém,2020,2020-12-07
Norte,PA,2020-12-11,2510274.0,69595.0,214.0,3082.0,6.0,Grande Belém,2020,2020-12-07
Norte,PA,2020-12-12,2510274.0,69805.0,210.0,3090.0,8.0,Grande Belém,2020,2020-12-07
Norte,PA,2020-12-13,2510274.0,70236.0,431.0,3099.0,9.0,Grande Belém,2020,2020-12-07
Norte,PA,2020-12-14,2510274.0,70645.0,409.0,3101.0,2.0,Grande Belém,2020,2020-12-14
Norte,PA,2020-12-15,2510274.0,70980.0,335.0,3105.0,4.0,Grande Belém,2020,2020-12-14
Norte,PA,2020-12-16,2510274.0,71299.0,319.0,3108.0,3.0,Grande Belém,2020,2020-12-14
Norte,PA,2020-12-17,2510274.0,71569.0,270.0,3116.0,8.0,Grande Belém,2020,2020-12-14
Norte,PA,2020-12-18,2510274.0,71819.0,250.0,3118.0,2.0,Grande Belém,2020,2020-12-14
Norte,PA,2020-12-19,2510274.0,71932.0,113.0,3123.0,5.0,Grande Belém,2020,2020-12-14
Norte,PA,2020-12-20,2510274.0,72224.0,292.0,3129.0,6.0,Grande Belém,2020,2020-12-14
Norte,PA,2020-12-21,2510274.0,72465.0,241.0,3135.0,6.0,Grande Belém,2020,2020-12-21
Norte,PA,2020-12-22,2510274.0,72766.0,301.0,3141.0,6.0,Grande Belém,2020,2020-12-21
Norte,PA,2020-12-23,2510274.0,72936.0,170.0,3150.0,9.0,Grande Belém,2020,2020-12-21
Norte,PA,2020-12-24,2510274.0,73220.0,284.0,3158.0,8.0,Grande Belém,2020,2020-12-21
Norte,PA,2020-12-25,2510274.0,73503.0,283.0,3161.0,3.0,Grande Belém,2020,2020-12-21
Norte,PA,2020-12-26,2510274.0,73503.0,0.0,3167.0,6.0,Grande Belém,2020,2020-12-21
Norte,PA,2020-12-27,2510274.0,73823.0,320.0,3168.0,1.0,Grande Belém,2020,2020-12-21
Norte,PA,2020-12-28,2510274.0,74081.0,258.0,3177.0,9.0,Grande Belém,2020,2020-12-28
Norte,PA,2020-12-29,2510274.0,74557.0,476.0,3180.0,3.0,Grande Belém,2020,2020-12-28
Norte,PA,2020-12-30,2510274.0,74817.0,260.0,3187.0,7.0,Grande Belém,2020,2020-12-28
Norte,PA,2020-12-31,2510274.0,75130.0,313.0,3194.0,7.0,Grande Belém,2020,2020-12-28
Norte,PA,2021-01-01,2510274.0,75262.0,132.0,3198.0,4.0,Grande Belém,2020,2020-12-28
Norte,PA,2021-01-02,2510274.0,75262.0,0.0,3202.0,4.0,Grande Belém,2020,2020-12-28
Norte,PA,2021-01-03,2510274.0,75422.0,160.0,3203.0,1.0,Grande Belém,2020,2020-12-28
Norte,PA,2021-01-04,2510274.0,75634.0,212.0,3207.0,4.0,Grande Belém,2021,2021-01-04
Norte,PA,2021-01-05,2510274.0,75968.0,334.0,3214.0,7.0,Grande Belém,2021,2021-01-04
Norte,PA,2021-01-06,2510274.0,76321.0,353.0,3222.0,8.0,Grande Belém,2021,2021-01-04
Norte,PA,2021-01-07,2510274.0,76587.0,266.0,3231.0,9.0,Grande Belém,2021,2021-01-04
Norte,PA,2021-01-08,2510274.0,76803.0,216.0,3243.0,12.0,Grande Belém,2021,2021-01-04
Norte,PA,2021-01-09,2510274.0,77418.0,615.0,3251.0,8.0,Grande Belém,2021,2021-01-04
Norte,PA,2021-01-10,2510274.0,78279.0,861.0,3251.0,0.0,Grande Belém,2021,2021-01-04
Norte,PA,2021-01-11,2510274.0,78830.0,551.0,3253.0,2.0,Grande Belém,2021,2021-01-11
Norte,PA,2021-01-12,2510274.0,79292.0,462.0,3259.0,6.0,Grande Belém,2021,2021-01-11
Norte,PA,2021-01-13,2510274.0,79789.0,497.0,3262.0,3.0,Grande Belém,2021,2021-01-11
Norte,PA,2021-01-14,2510274.0,80121.0,332.0,3265.0,3.0,Grande Belém,2021,2021-01-11
Norte,PA,2021-01-15,2510274.0,80625.0,504.0,3267.0,2.0,Grande Belém,2021,2021-01-11
Norte,PA,2021-01-16,2510274.0,81143.0,518.0,3270.0,3.0,Grande Belém,2021,2021-01-11
Norte,PA,2021-01-17,2510274.0,81568.0,425.0,3272.0,2.0,Grande Belém,2021,2021-01-11
Norte,PA,2021-01-18,2510274.0,81725.0,157.0,3279.0,7.0,Grande Belém,2021,2021-01-18
Norte,PA,2021-01-19,2510274.0,82220.0,495.0,3283.0,4.0,Grande Belém,2021,2021-01-18
Norte,PA,2021-01-20,2510274.0,82813.0,593.0,3284.0,1.0,Grande Belém,2021,2021-01-18
Norte,PA,2021-01-21,2510274.0,83196.0,383.0,3294.0,10.0,Grande Belém,2021,2021-01-18
Norte,PA,2021-01-22,2510274.0,84361.0,1165.0,3301.0,7.0,Grande Belém,2021,2021-01-18
Norte,PA,2021-01-23,2510274.0,85159.0,798.0,3307.0,6.0,Grande Belém,2021,2021-01-18
Norte,PA,2021-01-24,2510274.0,85687.0,528.0,3317.0,10.0,Grande Belém,2021,2021-01-18
Norte,PA,2021-01-25,2510274.0,86189.0,502.0,3323.0,6.0,Grande Belém,2021,2021-01-25
Norte,PA,2021-01-26,2510274.0,86681.0,492.0,3333.0,10.0,Grande Belém,2021,2021-01-25
Norte,PA,2021-01-27,2510274.0,87202.0,521.0,3340.0,7.0,Grande Belém,2021,2021-01-25
Norte,PA,2021-01-28,2510274.0,87888.0,686.0,3349.0,9.0,Grande Belém,2021,2021-01-25
Norte,PA,2021-01-29,2510274.0,88186.0,298.0,3363.0,14.0,Grande Belém,2021,2021-01-25
Norte,PA,2021-01-30,2510274.0,88510.0,324.0,3382.0,19.0,Grande Belém,2021,2021-01-25
Norte,PA,2021-01-31,2510274.0,88895.0,385.0,3383.0,1.0,Grande Belém,2021,2021-01-25
Norte,PA,2021-02-01,2510274.0,88939.0,44.0,3389.0,6.0,Grande Belém,2021,2021-02-01
Norte,PA,2021-02-02,2510274.0,89343.0,404.0,3396.0,7.0,Grande Belém,2021,2021-02-01
Norte,PA,2021-02-03,2510274.0,89679.0,336.0,3401.0,5.0,Grande Belém,2021,2021-02-01
Norte,PA,2021-02-04,2510274.0,89898.0,219.0,3404.0,3.0,Grande Belém,2021,2021-02-01
Norte,PA,2021-02-05,2510274.0,90337.0,439.0,3414.0,10.0,Grande Belém,2021,2021-02-01
Norte,PA,2021-02-06,2510274.0,90589.0,252.0,3422.0,8.0,Grande Belém,2021,2021-02-01
Norte,PA,2021-02-07,2510274.0,90822.0,233.0,3437.0,15.0,Grande Belém,2021,2021-02-01
Norte,PA,2021-02-08,2510274.0,91180.0,358.0,3438.0,1.0,Grande Belém,2021,2021-02-08
Norte,PA,2021-02-09,2510274.0,91481.0,301.0,3441.0,3.0,Grande Belém,2021,2021-02-08
Norte,PA,2021-02-10,2510274.0,91627.0,146.0,3444.0,3.0,Grande Belém,2021,2021-02-08
Norte,PA,2021-02-11,2510274.0,91999.0,372.0,3445.0,1.0,Grande Belém,2021,2021-02-08
Norte,PA,2021-02-12,2510274.0,92387.0,388.0,3457.0,12.0,Grande Belém,2021,2021-02-08
Norte,PA,2021-02-13,2510274.0,92655.0,268.0,3467.0,10.0,Grande Belém,2021,2021-02-08
Norte,PA,2021-02-14,2510274.0,93087.0,432.0,3469.0,2.0,Grande Belém,2021,2021-02-08
Norte,PA,2021-02-15,2510274.0,93457.0,370.0,3470.0,1.0,Grande Belém,2021,2021-02-15
Norte,PA,2021-02-16,2510274.0,93801.0,344.0,3480.0,10.0,Grande Belém,2021,2021-02-15
Norte,PA,2021-02-17,2510274.0,94031.0,230.0,3488.0,8.0,Grande Belém,2021,2021-02-15
Norte,PA,2021-02-18,2510274.0,94505.0,474.0,3494.0,6.0,Grande Belém,2021,2021-02-15
Norte,PA,2021-02-19,2510274.0,94954.0,449.0,3514.0,20.0,Grande Belém,2021,2021-02-15
Norte,PA,2021-02-20,2510274.0,95219.0,265.0,3533.0,19.0,Grande Belém,2021,2021-02-15
Norte,PA,2021-02-21,2510274.0,95600.0,381.0,3539.0,6.0,Grande Belém,2021,2021-02-15
Norte,PA,2021-02-22,2510274.0,96003.0,403.0,3541.0,2.0,Grande Belém,2021,2021-02-22
Norte,PA,2021-02-23,2510274.0,96339.0,336.0,3552.0,11.0,Grande Belém,2021,2021-02-22
Norte,PA,2021-02-24,2510274.0,96787.0,448.0,3579.0,27.0,Grande Belém,2021,2021-02-22
Norte,PA,2021-02-25,2510274.0,97138.0,351.0,3609.0,30.0,Grande Belém,2021,2021-02-22
Norte,PA,2021-02-26,2510274.0,97627.0,489.0,3644.0,35.0,Grande Belém,2021,2021-02-22
Norte,PA,2021-02-27,2510274.0,97937.0,310.0,3662.0,18.0,Grande Belém,2021,2021-02-22
Norte,PA,2021-02-28,2510274.0,98459.0,522.0,3664.0,2.0,Grande Belém,2021,2021-02-22
Norte,PA,2021-03-01,2510274.0,99119.0,660.0,3669.0,5.0,Grande Belém,2021,2021-03-01
Norte,PA,2021-03-02,2510274.0,99459.0,340.0,3677.0,8.0,Grande Belém,2021,2021-03-01
Norte,PA,2021-03-03,2510274.0,99790.0,331.0,3690.0,13.0,Grande Belém,2021,2021-03-01
Norte,PA,2021-03-04,2510274.0,100174.0,384.0,3694.0,4.0,Grande Belém,2021,2021-03-01
Norte,PA,2021-03-05,2510274.0,100590.0,416.0,3709.0,15.0,Grande Belém,2021,2021-03-01
Norte,PA,2021-03-06,2510274.0,100948.0,358.0,3723.0,14.0,Grande Belém,2021,2021-03-01
Norte,PA,2021-03-07,2510274.0,101263.0,315.0,3738.0,15.0,Grande Belém,2021,2021-03-01
Norte,PA,2021-03-08,2510274.0,101785.0,522.0,3743.0,5.0,Grande Belém,2021,2021-03-08
Norte,PA,2021-03-09,2510274.0,102143.0,358.0,3756.0,13.0,Grande Belém,2021,2021-03-08
Norte,PA,2021-03-10,2510274.0,102603.0,460.0,3794.0,38.0,Grande Belém,2021,2021-03-08
Norte,PA,2021-03-11,2510274.0,103211.0,608.0,3829.0,35.0,Grande Belém,2021,2021-03-08
Norte,PA,2021-03-12,2510274.0,103676.0,465.0,3853.0,24.0,Grande Belém,2021,2021-03-08
Norte,PA,2021-03-13,2510274.0,103992.0,316.0,3867.0,14.0,Grande Belém,2021,2021-03-08
Norte,PA,2021-03-14,2510274.0,104500.0,508.0,3883.0,16.0,Grande Belém,2021,2021-03-08
Norte,PA,2021-03-15,2510274.0,105166.0,666.0,3908.0,25.0,Grande Belém,2021,2021-03-15
Norte,PA,2021-03-16,2510274.0,105582.0,416.0,3932.0,24.0,Grande Belém,2021,2021-03-15
Norte,PA,2021-03-17,2510274.0,106230.0,648.0,3969.0,37.0,Grande Belém,2021,2021-03-15
Norte,PA,2021-03-18,2510274.0,107257.0,1027.0,4025.0,56.0,Grande Belém,2021,2021-03-15
Norte,PA,2021-03-19,2510274.0,108142.0,885.0,4063.0,38.0,Grande Belém,2021,2021-03-15
Norte,PA,2021-03-20,2510274.0,108731.0,589.0,4105.0,42.0,Grande Belém,2021,2021-03-15
Norte,PA,2021-03-21,2510274.0,109298.0,567.0,4143.0,38.0,Grande Belém,2021,2021-03-15
Norte,PA,2021-03-22,2510274.0,109819.0,521.0,4176.0,33.0,Grande Belém,2021,2021-03-22
Norte,PA,2021-03-23,2510274.0,110511.0,692.0,4204.0,28.0,Grande Belém,2021,2021-03-22
Norte,PA,2021-03-24,2510274.0,110978.0,467.0,4231.0,27.0,Grande Belém,2021,2021-03-22
Norte,PA,2021-03-25,2510274.0,111534.0,556.0,4259.0,28.0,Grande Belém,2021,2021-03-22
Norte,PA,2021-03-26,2510274.0,112145.0,611.0,4320.0,61.0,Grande Belém,2021,2021-03-22
Norte,PA,2021-03-27,2510274.0,112765.0,620.0,4372.0,52.0,Grande Belém,2021,2021-03-22
Norte,PA,2021-03-28,2510274.0,113154.0,389.0,4404.0,32.0,Grande Belém,2021,2021-03-22
Norte,PA,2021-03-29,2510274.0,113610.0,456.0,4451.0,47.0,Grande Belém,2021,2021-03-29
Norte,PA,2021-03-30,2510274.0,114097.0,487.0,4494.0,43.0,Grande Belém,2021,2021-03-29
Norte,PA,2021-03-31,2510274.0,114802.0,705.0,4524.0,30.0,Grande Belém,2021,2021-03-29
Norte,PA,2021-04-01,2510274.0,115767.0,965.0,4596.0,72.0,Grande Belém,2021,2021-03-29
Norte,PA,2021-04-02,2510274.0,116372.0,605.0,4650.0,54.0,Grande Belém,2021,2021-03-29
Norte,PA,2021-04-03,2510274.0,116622.0,250.0,4691.0,41.0,Grande Belém,2021,2021-03-29
Norte,PA,2021-04-04,2510274.0,116996.0,374.0,4715.0,24.0,Grande Belém,2021,2021-03-29
Norte,PA,2021-04-05,2510274.0,117533.0,537.0,4751.0,36.0,Grande Belém,2021,2021-04-05
Norte,PA,2021-04-06,2510274.0,118580.0,1047.0,4794.0,43.0,Grande Belém,2021,2021-04-05
Norte,PA,2021-04-07,2510274.0,119156.0,576.0,4830.0,36.0,Grande Belém,2021,2021-04-05
Norte,PA,2021-04-08,2510274.0,120031.0,875.0,4868.0,38.0,Grande Belém,2021,2021-04-05
Norte,PA,2021-04-09,2510274.0,120936.0,905.0,4911.0,43.0,Grande Belém,2021,2021-04-05
Norte,PA,2021-04-10,2510274.0,121555.0,619.0,4952.0,41.0,Grande Belém,2021,2021-04-05
Norte,PA,2021-04-11,2510274.0,121872.0,317.0,4995.0,43.0,Grande Belém,2021,2021-04-05
Norte,PA,2021-04-12,2510274.0,122243.0,371.0,5041.0,46.0,Grande Belém,2021,2021-04-12
Norte,PA,2021-04-13,2510274.0,123038.0,795.0,5088.0,47.0,Grande Belém,2021,2021-04-12
Norte,PA,2021-04-14,2510274.0,123620.0,582.0,5140.0,52.0,Grande Belém,2021,2021-04-12
Norte,PA,2021-04-15,2510274.0,124293.0,673.0,5177.0,37.0,Grande Belém,2021,2021-04-12
Norte,PA,2021-04-16,2510274.0,125063.0,770.0,5242.0,65.0,Grande Belém,2021,2021-04-12
Norte,PA,2021-04-17,2510274.0,125555.0,492.0,5276.0,34.0,Grande Belém,2021,2021-04-12
Norte,PA,2021-04-18,2510274.0,125879.0,324.0,5324.0,48.0,Grande Belém,2021,2021-04-12
Norte,PA,2021-04-19,2510274.0,125969.0,90.0,5326.0,2.0,Grande Belém,2021,2021-04-19
Norte,PA,2021-04-20,2510274.0,126385.0,416.0,5365.0,39.0,Grande Belém,2021,2021-04-19
Norte,PA,2021-04-21,2510274.0,127072.0,687.0,5427.0,62.0,Grande Belém,2021,2021-04-19
Norte,PA,2021-04-22,2510274.0,127361.0,289.0,5481.0,54.0,Grande Belém,2021,2021-04-19
Norte,PA,2021-04-23,2510274.0,127836.0,475.0,5514.0,33.0,Grande Belém,2021,2021-04-19
Norte,PA,2021-04-24,2510274.0,128376.0,540.0,5550.0,36.0,Grande Belém,2021,2021-04-19
Norte,PA,2021-04-25,2510274.0,128636.0,260.0,5584.0,34.0,Grande Belém,2021,2021-04-19
Norte,PA,2021-04-26,2510274.0,128732.0,96.0,5598.0,14.0,Grande Belém,2021,2021-04-26
Norte,PA,2021-04-27,2510274.0,129021.0,289.0,5627.0,29.0,Grande Belém,2021,2021-04-26
Norte,PA,2021-04-28,2510274.0,129648.0,627.0,5677.0,50.0,Grande Belém,2021,2021-04-26
Norte,PA,2021-04-29,2510274.0,130453.0,805.0,5712.0,35.0,Grande Belém,2021,2021-04-26
Norte,PA,2021-04-30,2510274.0,130943.0,490.0,5749.0,37.0,Grande Belém,2021,2021-04-26
Norte,PA,2021-05-01,2510274.0,131292.0,349.0,5800.0,51.0,Grande Belém,2021,2021-04-26
Norte,PA,2021-05-02,2510274.0,131402.0,110.0,5823.0,23.0,Grande Belém,2021,2021-04-26
Norte,PA,2021-05-03,2510274.0,131788.0,386.0,5831.0,8.0,Grande Belém,2021,2021-05-03
Norte,PA,2021-05-04,2510274.0,132071.0,283.0,5851.0,20.0,Grande Belém,2021,2021-05-03
Norte,PA,2021-05-05,2510274.0,132498.0,427.0,5879.0,28.0,Grande Belém,2021,2021-05-03
Norte,PA,2021-05-06,2510274.0,133202.0,704.0,5898.0,19.0,Grande Belém,2021,2021-05-03
Norte,PA,2021-05-07,2510274.0,133486.0,284.0,5922.0,24.0,Grande Belém,2021,2021-05-03
Norte,PA,2021-05-08,2510274.0,133796.0,310.0,5950.0,28.0,Grande Belém,2021,2021-05-03
Norte,PA,2021-05-09,2510274.0,134008.0,212.0,5958.0,8.0,Grande Belém,2021,2021-05-03
Norte,PA,2021-05-10,2510274.0,134055.0,47.0,5964.0,6.0,Grande Belém,2021,2021-05-10
Norte,PA,2021-05-11,2510274.0,134261.0,206.0,5985.0,21.0,Grande Belém,2021,2021-05-10
Norte,PA,2021-05-12,2510274.0,134591.0,330.0,5989.0,4.0,Grande Belém,2021,2021-05-10
Norte,PA,2021-05-13,2510274.0,134944.0,353.0,6018.0,29.0,Grande Belém,2021,2021-05-10
Norte,PA,2021-05-14,2510274.0,135440.0,496.0,6033.0,15.0,Grande Belém,2021,2021-05-10
Norte,PA,2021-05-15,2510274.0,135694.0,254.0,6048.0,15.0,Grande Belém,2021,2021-05-10
Norte,PA,2021-05-16,2510274.0,135909.0,215.0,6064.0,16.0,Grande Belém,2021,2021-05-10
Norte,PA,2021-05-17,2510274.0,135958.0,49.0,6071.0,7.0,Grande Belém,2021,2021-05-17
Norte,PA,2021-05-18,2510274.0,136190.0,232.0,6096.0,25.0,Grande Belém,2021,2021-05-17
Norte,PA,2021-05-19,2510274.0,136443.0,253.0,6122.0,26.0,Grande Belém,2021,2021-05-17
Norte,PA,2021-05-20,2510274.0,136769.0,326.0,6128.0,6.0,Grande Belém,2021,2021-05-17
Norte,PA,2021-05-21,2510274.0,137175.0,406.0,6144.0,16.0,Grande Belém,2021,2021-05-17
Norte,PA,2021-05-22,2510274.0,137613.0,438.0,6151.0,7.0,Grande Belém,2021,2021-05-17
Norte,PA,2021-05-23,2510274.0,137668.0,55.0,6159.0,8.0,Grande Belém,2021,2021-05-17
Norte,PA,2021-05-24,2510274.0,137830.0,162.0,6166.0,7.0,Grande Belém,2021,2021-05-24
Norte,PA,2021-05-25,2510274.0,138033.0,203.0,6186.0,20.0,Grande Belém,2021,2021-05-24
Norte,PA,2021-05-26,2510274.0,138314.0,281.0,6196.0,10.0,Grande Belém,2021,2021-05-24
Norte,PA,2021-05-27,2510274.0,138654.0,340.0,6215.0,19.0,Grande Belém,2021,2021-05-24
Norte,PA,2021-05-28,2510274.0,138844.0,190.0,6225.0,10.0,Grande Belém,2021,2021-05-24
Norte,PA,2021-05-29,2510274.0,138987.0,143.0,6232.0,7.0,Grande Belém,2021,2021-05-24
Norte,PA,2021-05-30,2510274.0,139056.0,69.0,6245.0,13.0,Grande Belém,2021,2021-05-24
Norte,PA,2021-05-31,2510274.0,139058.0,2.0,6248.0,3.0,Grande Belém,2021,2021-05-31
Norte,PA,2021-06-01,2510274.0,139222.0,164.0,6251.0,3.0,Grande Belém,2021,2021-05-31
Norte,PA,2021-06-02,2510274.0,139541.0,319.0,6267.0,16.0,Grande Belém,2021,2021-05-31
Norte,PA,2021-06-03,2510274.0,139855.0,314.0,6288.0,21.0,Grande Belém,2021,2021-05-31
Norte,PA,2021-06-04,2510274.0,139959.0,104.0,6292.0,4.0,Grande Belém,2021,2021-05-31
Norte,PA,2021-06-05,2510274.0,140102.0,143.0,6297.0,5.0,Grande Belém,2021,2021-05-31
Norte,PA,2021-06-06,2510274.0,140167.0,65.0,6305.0,8.0,Grande Belém,2021,2021-05-31
Norte,PA,2021-06-07,2510274.0,140211.0,44.0,6309.0,4.0,Grande Belém,2021,2021-06-07
Norte,PA,2021-06-08,2510274.0,140391.0,180.0,6322.0,13.0,Grande Belém,2021,2021-06-07
Norte,PA,2021-06-09,2510274.0,141107.0,716.0,6344.0,22.0,Grande Belém,2021,2021-06-07
